run_ID,Time,CH4_aq,H2_aq,HCO3,HS,SO4,pH,Temp,CH4_g,CO2_g,H2_g,H2S_g,Biomass_MET,Biomass_SRB,Rxn_rate_MET,Rxn_rate_SRB,Rate_constant_MET,Rate_constant_SRB
1,0,7.91E-07,37.10107,1.98128,2.81E-08,7.2608,6.10086,28.2,1.00E-06,0.0243,91,2.62E-10,1.00E-06,1.00E-06,2.88E-20,4.22E-20,2.88E-14,4.27E-14
1,0.5,7.91E-07,37.10107,1.98128,2.87E-08,7.2608,6.10086,28.2,1.00E-06,0.0243,91,2.68E-10,1.00E-06,1.00E-06,2.88E-20,4.23E-20,2.88E-14,4.27E-14
1,1,7.91E-07,37.10107,1.98128,2.93E-08,7.2608,6.10086,28.2,1.00E-06,0.0243,91,2.73E-10,1.00E-06,1.01E-06,2.88E-20,4.25E-20,2.88E-14,4.27E-14
1,1.5,7.92E-07,37.10107,1.98128,2.99E-08,7.2608,6.10086,28.2,1.00E-06,0.0243,91,2.79E-10,1.00E-06,1.01E-06,2.88E-20,4.26E-20,2.88E-14,4.27E-14
1,2,7.92E-07,37.10107,1.98128,3.05E-08,7.2608,6.10086,28.2,1.00E-06,0.0243,91,2.84E-10,1.00E-06,1.01E-06,2.89E-20,4.28E-20,2.88E-14,4.27E-14
1,2.5,7.93E-07,37.10107,1.98128,3.11E-08,7.2608,6.10086,28.2,1.00E-06,0.0243,91,2.90E-10,1.00E-06,1.02E-06,2.89E-20,4.29E-20,2.88E-14,4.27E-14
1,3,7.93E-07,37.10107,1.98128,3.17E-08,7.2608,6.10086,28.2,1.00E-06,0.0243,91,2.95E-10,1.00E-06,1.02E-06,2.89E-20,4.30E-20,2.88E-14,4.27E-14
1,3.5,7.93E-07,37.10107,1.98128,3.23E-08,7.2608,6.10086,28.2,1.00E-06,0.0243,91,3.01E-10,1.00E-06,1.02E-06,2.89E-20,4.32E-20,2.88E-14,4.27E-14
1,4,7.94E-07,37.10107,1.98128,3.29E-08,7.2608,6.10086,28.2,1.00E-06,0.0243,91,3.06E-10,1.00E-06,1.03E-06,2.89E-20,4.33E-20,2.88E-14,4.27E-14
1,4.5,7.94E-07,37.10107,1.98128,3.35E-08,7.2608,6.10086,28.2,1.00E-06,0.0243,91,3.12E-10,1.01E-06,1.03E-06,2.89E-20,4.35E-20,2.88E-14,4.27E-14
1,5,7.95E-07,37.10107,1.98128,3.41E-08,7.2608,6.10086,28.2,1.01E-06,0.0243,91,3.18E-10,1.01E-06,1.03E-06,2.90E-20,4.36E-20,2.88E-14,4.27E-14
1,5.5,7.95E-07,37.10107,1.98128,3.47E-08,7.2608,6.10086,28.2,1.01E-06,0.0243,91,3.23E-10,1.01E-06,1.04E-06,2.90E-20,4.38E-20,2.88E-14,4.27E-14
1,6,7.95E-07,37.10107,1.98128,3.53E-08,7.2608,6.10086,28.2,1.01E-06,0.0243,91,3.29E-10,1.01E-06,1.04E-06,2.90E-20,4.39E-20,2.88E-14,4.27E-14
1,6.5,7.96E-07,37.10107,1.98128,3.59E-08,7.2608,6.10086,28.2,1.01E-06,0.0243,91,3.35E-10,1.01E-06,1.04E-06,2.90E-20,4.41E-20,2.88E-14,4.27E-14
1,7,7.96E-07,37.10107,1.98128,3.65E-08,7.2608,6.10086,28.2,1.01E-06,0.0243,91,3.40E-10,1.01E-06,1.05E-06,2.90E-20,4.42E-20,2.88E-14,4.27E-14
1,7.5,7.97E-07,37.10107,1.98128,3.71E-08,7.2608,6.10086,28.2,1.01E-06,0.0243,91,3.46E-10,1.01E-06,1.05E-06,2.90E-20,4.44E-20,2.88E-14,4.27E-14
1,8,7.97E-07,37.10107,1.98128,3.77E-08,7.2608,6.10086,28.2,1.01E-06,0.0243,91,3.52E-10,1.01E-06,1.05E-06,2.91E-20,4.45E-20,2.88E-14,4.27E-14
1,8.5,7.97E-07,37.10107,1.98128,3.84E-08,7.2608,6.10086,28.2,1.01E-06,0.0243,91,3.58E-10,1.01E-06,1.06E-06,2.91E-20,4.47E-20,2.88E-14,4.27E-14
1,9,7.98E-07,37.10107,1.98128,3.90E-08,7.2608,6.10086,28.2,1.01E-06,0.0243,91,3.63E-10,1.01E-06,1.06E-06,2.91E-20,4.48E-20,2.88E-14,4.27E-14
1,9.5,7.98E-07,37.10107,1.98128,3.96E-08,7.2608,6.10086,28.2,1.01E-06,0.0243,91,3.69E-10,1.01E-06,1.07E-06,2.91E-20,4.50E-20,2.88E-14,4.27E-14
1,10,7.99E-07,37.10107,1.98128,4.02E-08,7.2608,6.10086,28.2,1.01E-06,0.0243,91,3.75E-10,1.01E-06,1.07E-06,2.91E-20,4.51E-20,2.88E-14,4.27E-14
1,10.5,7.99E-07,37.10107,1.98128,4.08E-08,7.2608,6.10086,28.2,1.01E-06,0.0243,91,3.81E-10,1.01E-06,1.07E-06,2.91E-20,4.53E-20,2.88E-14,4.27E-14
1,11,7.99E-07,37.10107,1.98128,4.15E-08,7.2608,6.10086,28.2,1.01E-06,0.0243,91,3.87E-10,1.01E-06,1.08E-06,2.92E-20,4.54E-20,2.88E-14,4.27E-14
1,11.5,8.00E-07,37.10107,1.98128,4.21E-08,7.2608,6.10086,28.2,1.01E-06,0.0243,91,3.93E-10,1.01E-06,1.08E-06,2.92E-20,4.56E-20,2.88E-14,4.27E-14
1,12,8.00E-07,37.10107,1.98128,4.27E-08,7.2608,6.10086,28.2,1.01E-06,0.0243,91,3.99E-10,1.01E-06,1.08E-06,2.92E-20,4.57E-20,2.88E-14,4.27E-14
1,12.5,8.01E-07,37.10107,1.98128,4.34E-08,7.2608,6.10086,28.2,1.01E-06,0.0243,91,4.04E-10,1.01E-06,1.09E-06,2.92E-20,4.59E-20,2.88E-14,4.27E-14
1,13,8.01E-07,37.10107,1.98128,4.40E-08,7.2608,6.10086,28.2,1.01E-06,0.0243,91,4.10E-10,1.01E-06,1.09E-06,2.92E-20,4.60E-20,2.88E-14,4.27E-14
1,13.5,8.01E-07,37.10107,1.98128,4.46E-08,7.2608,6.10086,28.2,1.01E-06,0.0243,91,4.16E-10,1.02E-06,1.09E-06,2.92E-20,4.62E-20,2.88E-14,4.27E-14
1,14,8.02E-07,37.10107,1.98128,4.53E-08,7.2608,6.10086,28.2,1.01E-06,0.0243,91,4.22E-10,1.02E-06,1.10E-06,2.93E-20,4.63E-20,2.88E-14,4.27E-14
1,14.5,8.02E-07,37.10107,1.98128,4.59E-08,7.2608,6.10086,28.2,1.01E-06,0.0243,91,4.28E-10,1.02E-06,1.10E-06,2.93E-20,4.65E-20,2.88E-14,4.27E-14
1,15,8.03E-07,37.10107,1.98128,4.66E-08,7.2608,6.10086,28.2,1.02E-06,0.0243,91,4.34E-10,1.02E-06,1.11E-06,2.93E-20,4.66E-20,2.88E-14,4.27E-14
1,15.5,8.03E-07,37.10107,1.98128,4.72E-08,7.2608,6.10086,28.2,1.02E-06,0.0243,91,4.40E-10,1.02E-06,1.11E-06,2.93E-20,4.68E-20,2.88E-14,4.27E-14
1,16,8.03E-07,37.10107,1.98128,4.79E-08,7.2608,6.10086,28.2,1.02E-06,0.0243,91,4.46E-10,1.02E-06,1.11E-06,2.93E-20,4.69E-20,2.88E-14,4.27E-14
1,16.5,8.04E-07,37.10107,1.98128,4.85E-08,7.2608,6.10086,28.2,1.02E-06,0.0243,91,4.53E-10,1.02E-06,1.12E-06,2.93E-20,4.71E-20,2.88E-14,4.27E-14
1,17,8.04E-07,37.10107,1.98128,4.92E-08,7.2608,6.10086,28.2,1.02E-06,0.0243,91,4.59E-10,1.02E-06,1.12E-06,2.94E-20,4.73E-20,2.88E-14,4.27E-14
1,17.5,8.05E-07,37.10107,1.98128,4.98E-08,7.2608,6.10086,28.2,1.02E-06,0.0243,91,4.65E-10,1.02E-06,1.12E-06,2.94E-20,4.74E-20,2.88E-14,4.27E-14
1,18,8.05E-07,37.10107,1.98128,5.05E-08,7.2608,6.10086,28.2,1.02E-06,0.0243,91,4.71E-10,1.02E-06,1.13E-06,2.94E-20,4.76E-20,2.88E-14,4.27E-14
1,18.5,8.06E-07,37.10107,1.98128,5.12E-08,7.2608,6.10086,28.2,1.02E-06,0.0243,91,4.77E-10,1.02E-06,1.13E-06,2.94E-20,4.77E-20,2.88E-14,4.27E-14
1,19,8.06E-07,37.10107,1.98128,5.18E-08,7.2608,6.10086,28.2,1.02E-06,0.0243,91,4.83E-10,1.02E-06,1.14E-06,2.94E-20,4.79E-20,2.88E-14,4.27E-14
1,19.5,8.06E-07,37.10107,1.98128,5.25E-08,7.2608,6.10086,28.2,1.02E-06,0.0243,91,4.89E-10,1.02E-06,1.14E-06,2.94E-20,4.81E-20,2.88E-14,4.27E-14
1,20,8.07E-07,37.10107,1.98128,5.31E-08,7.2608,6.10086,28.2,1.02E-06,0.0243,91,4.96E-10,1.02E-06,1.14E-06,2.95E-20,4.82E-20,2.88E-14,4.27E-14
1,20.5,8.07E-07,37.10107,1.98128,5.38E-08,7.2608,6.10086,28.2,1.02E-06,0.0243,91,5.02E-10,1.02E-06,1.15E-06,2.95E-20,4.84E-20,2.88E-14,4.27E-14
1,21,8.08E-07,37.10107,1.98128,5.45E-08,7.2608,6.10086,28.2,1.02E-06,0.0243,91,5.08E-10,1.02E-06,1.15E-06,2.95E-20,4.85E-20,2.88E-14,4.27E-14
1,21.5,8.08E-07,37.10107,1.98128,5.52E-08,7.2608,6.10086,28.2,1.02E-06,0.0243,91,5.14E-10,1.02E-06,1.15E-06,2.95E-20,4.87E-20,2.88E-14,4.27E-14
1,22,8.08E-07,37.10107,1.98128,5.58E-08,7.2608,6.10086,28.2,1.02E-06,0.0243,91,5.21E-10,1.03E-06,1.16E-06,2.95E-20,4.89E-20,2.88E-14,4.27E-14
1,22.5,8.09E-07,37.10107,1.98128,5.65E-08,7.2608,6.10086,28.2,1.02E-06,0.0243,91,5.27E-10,1.03E-06,1.16E-06,2.95E-20,4.90E-20,2.88E-14,4.27E-14
1,23,8.09E-07,37.10107,1.98128,5.72E-08,7.2608,6.10086,28.2,1.02E-06,0.0243,91,5.33E-10,1.03E-06,1.17E-06,2.96E-20,4.92E-20,2.88E-14,4.27E-14
1,23.5,8.10E-07,37.10107,1.98128,5.79E-08,7.2608,6.10086,28.2,1.02E-06,0.0243,91,5.40E-10,1.03E-06,1.17E-06,2.96E-20,4.94E-20,2.88E-14,4.27E-14
1,24,8.10E-07,37.10107,1.98128,5.86E-08,7.2608,6.10086,28.2,1.02E-06,0.0243,91,5.46E-10,1.03E-06,1.17E-06,2.96E-20,4.95E-20,2.88E-14,4.27E-14
1,24.5,8.10E-07,37.10107,1.98128,5.92E-08,7.2608,6.10086,28.2,1.03E-06,0.0243,91,5.53E-10,1.03E-06,1.18E-06,2.96E-20,4.97E-20,2.88E-14,4.27E-14
1,25,8.11E-07,37.10107,1.98128,5.99E-08,7.2608,6.10086,28.2,1.03E-06,0.0243,91,5.59E-10,1.03E-06,1.18E-06,2.96E-20,4.98E-20,2.88E-14,4.27E-14
1,25.5,8.11E-07,37.10107,1.98128,6.06E-08,7.2608,6.10086,28.2,1.03E-06,0.0243,91,5.65E-10,1.03E-06,1.19E-06,2.96E-20,5.00E-20,2.88E-14,4.27E-14
1,26,8.12E-07,37.10107,1.98128,6.13E-08,7.2608,6.10086,28.2,1.03E-06,0.0243,91,5.72E-10,1.03E-06,1.19E-06,2.97E-20,5.02E-20,2.88E-14,4.27E-14
1,26.5,8.12E-07,37.10107,1.98128,6.20E-08,7.2608,6.10086,28.2,1.03E-06,0.0243,91,5.78E-10,1.03E-06,1.19E-06,2.97E-20,5.04E-20,2.88E-14,4.27E-14
1,27,8.12E-07,37.10107,1.98128,6.27E-08,7.2608,6.10086,28.2,1.03E-06,0.0243,91,5.85E-10,1.03E-06,1.20E-06,2.97E-20,5.05E-20,2.88E-14,4.27E-14
1,27.5,8.13E-07,37.10107,1.98128,6.34E-08,7.2608,6.10086,28.2,1.03E-06,0.0243,91,5.91E-10,1.03E-06,1.20E-06,2.97E-20,5.07E-20,2.88E-14,4.27E-14
1,28,8.13E-07,37.10107,1.98128,6.41E-08,7.2608,6.10086,28.2,1.03E-06,0.0243,91,5.98E-10,1.03E-06,1.21E-06,2.97E-20,5.09E-20,2.88E-14,4.27E-14
1,28.5,8.14E-07,37.10107,1.98128,6.48E-08,7.2608,6.10086,28.2,1.03E-06,0.0243,91,6.05E-10,1.03E-06,1.21E-06,2.97E-20,5.10E-20,2.88E-14,4.27E-14
1,29,8.14E-07,37.10107,1.98128,6.55E-08,7.2608,6.10086,28.2,1.03E-06,0.0243,91,6.11E-10,1.03E-06,1.21E-06,2.98E-20,5.12E-20,2.88E-14,4.27E-14
1,29.5,8.15E-07,37.10107,1.98128,6.63E-08,7.2608,6.10086,28.2,1.03E-06,0.0243,91,6.18E-10,1.03E-06,1.22E-06,2.98E-20,5.14E-20,2.88E-14,4.27E-14
1,30,8.15E-07,37.10107,1.98128,6.70E-08,7.2608,6.10086,28.2,1.03E-06,0.0243,91,6.25E-10,1.03E-06,1.22E-06,2.98E-20,5.15E-20,2.88E-14,4.27E-14
1,30.5,8.15E-07,37.10107,1.98128,6.77E-08,7.2608,6.10086,28.2,1.03E-06,0.0243,91,6.31E-10,1.04E-06,1.23E-06,2.98E-20,5.17E-20,2.88E-14,4.27E-14
1,31,8.16E-07,37.10107,1.98128,6.84E-08,7.2608,6.10086,28.2,1.03E-06,0.0243,91,6.38E-10,1.04E-06,1.23E-06,2.98E-20,5.19E-20,2.88E-14,4.27E-14
1,31.5,8.16E-07,37.10107,1.98128,6.91E-08,7.2608,6.10086,28.2,1.03E-06,0.0243,91,6.45E-10,1.04E-06,1.23E-06,2.98E-20,5.21E-20,2.88E-14,4.27E-14
1,32,8.17E-07,37.10107,1.98128,6.98E-08,7.2608,6.10086,28.2,1.03E-06,0.0243,91,6.51E-10,1.04E-06,1.24E-06,2.99E-20,5.22E-20,2.88E-14,4.27E-14
1,32.5,8.17E-07,37.10107,1.98128,7.06E-08,7.2608,6.10086,28.2,1.03E-06,0.0243,91,6.58E-10,1.04E-06,1.24E-06,2.99E-20,5.24E-20,2.88E-14,4.27E-14
1,33,8.17E-07,37.10107,1.98128,7.13E-08,7.2608,6.10086,28.2,1.03E-06,0.0243,91,6.65E-10,1.04E-06,1.25E-06,2.99E-20,5.26E-20,2.88E-14,4.27E-14
1,33.5,8.18E-07,37.10107,1.98128,7.20E-08,7.2608,6.10086,28.2,1.03E-06,0.0243,91,6.72E-10,1.04E-06,1.25E-06,2.99E-20,5.28E-20,2.88E-14,4.27E-14
1,34,8.18E-07,37.10107,1.98128,7.28E-08,7.2608,6.10086,28.2,1.03E-06,0.0243,91,6.79E-10,1.04E-06,1.25E-06,2.99E-20,5.29E-20,2.88E-14,4.27E-14
1,34.5,8.19E-07,37.10107,1.98128,7.35E-08,7.2608,6.10086,28.2,1.04E-06,0.0243,91,6.85E-10,1.04E-06,1.26E-06,2.99E-20,5.31E-20,2.88E-14,4.27E-14
1,35,8.19E-07,37.10107,1.98128,7.42E-08,7.2608,6.10086,28.2,1.04E-06,0.0243,91,6.92E-10,1.04E-06,1.26E-06,3.00E-20,5.33E-20,2.88E-14,4.27E-14
1,35.5,8.20E-07,37.10107,1.98128,7.50E-08,7.2608,6.10086,28.2,1.04E-06,0.0243,91,6.99E-10,1.04E-06,1.27E-06,3.00E-20,5.35E-20,2.88E-14,4.27E-14
1,36,8.20E-07,37.10107,1.98128,7.57E-08,7.2608,6.10086,28.2,1.04E-06,0.0243,91,7.06E-10,1.04E-06,1.27E-06,3.00E-20,5.36E-20,2.88E-14,4.27E-14
1,36.5,8.20E-07,37.10107,1.98128,7.65E-08,7.2608,6.10086,28.2,1.04E-06,0.0243,91,7.13E-10,1.04E-06,1.28E-06,3.00E-20,5.38E-20,2.88E-14,4.27E-14
1,37,8.21E-07,37.10107,1.98128,7.72E-08,7.2608,6.10086,28.2,1.04E-06,0.0243,91,7.20E-10,1.04E-06,1.28E-06,3.00E-20,5.40E-20,2.88E-14,4.27E-14
1,37.5,8.21E-07,37.10107,1.98128,7.80E-08,7.2608,6.10086,28.2,1.04E-06,0.0243,91,7.27E-10,1.04E-06,1.28E-06,3.01E-20,5.42E-20,2.88E-14,4.27E-14
1,38,8.22E-07,37.10107,1.98128,7.87E-08,7.2608,6.10086,28.2,1.04E-06,0.0243,91,7.34E-10,1.04E-06,1.29E-06,3.01E-20,5.44E-20,2.88E-14,4.27E-14
1,38.5,8.22E-07,37.10107,1.98128,7.95E-08,7.2608,6.10086,28.2,1.04E-06,0.0243,91,7.41E-10,1.04E-06,1.29E-06,3.01E-20,5.45E-20,2.88E-14,4.27E-14
1,39,8.22E-07,37.10107,1.98128,8.02E-08,7.2608,6.10086,28.2,1.04E-06,0.0243,91,7.48E-10,1.05E-06,1.30E-06,3.01E-20,5.47E-20,2.88E-14,4.27E-14
1,39.5,8.23E-07,37.10107,1.98128,8.10E-08,7.2608,6.10086,28.2,1.04E-06,0.0243,91,7.55E-10,1.05E-06,1.30E-06,3.01E-20,5.49E-20,2.88E-14,4.27E-14
1,40,8.23E-07,37.10107,1.98128,8.17E-08,7.2608,6.10086,28.2,1.04E-06,0.0243,91,7.62E-10,1.05E-06,1.31E-06,3.01E-20,5.51E-20,2.88E-14,4.27E-14
1,40.5,8.24E-07,37.10107,1.98128,8.25E-08,7.2608,6.10086,28.2,1.04E-06,0.0243,91,7.69E-10,1.05E-06,1.31E-06,3.02E-20,5.53E-20,2.88E-14,4.27E-14
1,41,8.24E-07,37.10107,1.98128,8.33E-08,7.2608,6.10086,28.2,1.04E-06,0.0243,91,7.77E-10,1.05E-06,1.31E-06,3.02E-20,5.55E-20,2.88E-14,4.27E-14
1,41.5,8.25E-07,37.10107,1.98128,8.40E-08,7.2608,6.10086,28.2,1.04E-06,0.0243,91,7.84E-10,1.05E-06,1.32E-06,3.02E-20,5.56E-20,2.88E-14,4.27E-14
1,42,8.25E-07,37.10107,1.98128,8.48E-08,7.2608,6.10086,28.2,1.04E-06,0.0243,91,7.91E-10,1.05E-06,1.32E-06,3.02E-20,5.58E-20,2.88E-14,4.27E-14
1,42.5,8.25E-07,37.10107,1.98128,8.56E-08,7.2608,6.10086,28.2,1.04E-06,0.0243,91,7.98E-10,1.05E-06,1.33E-06,3.02E-20,5.60E-20,2.88E-14,4.27E-14
1,43,8.26E-07,37.10107,1.98128,8.64E-08,7.2608,6.10086,28.2,1.04E-06,0.0243,91,8.05E-10,1.05E-06,1.33E-06,3.02E-20,5.62E-20,2.88E-14,4.27E-14
1,43.5,8.26E-07,37.10107,1.98128,8.71E-08,7.2608,6.10086,28.2,1.05E-06,0.0243,91,8.13E-10,1.05E-06,1.34E-06,3.03E-20,5.64E-20,2.88E-14,4.27E-14
1,44,8.27E-07,37.10107,1.98128,8.79E-08,7.2608,6.10086,28.2,1.05E-06,0.0243,91,8.20E-10,1.05E-06,1.34E-06,3.03E-20,5.66E-20,2.88E-14,4.27E-14
1,44.5,8.27E-07,37.10107,1.98128,8.87E-08,7.2608,6.10086,28.2,1.05E-06,0.0243,91,8.27E-10,1.05E-06,1.35E-06,3.03E-20,5.68E-20,2.88E-14,4.27E-14
1,45,8.27E-07,37.10107,1.98128,8.95E-08,7.2608,6.10086,28.2,1.05E-06,0.0243,91,8.35E-10,1.05E-06,1.35E-06,3.03E-20,5.70E-20,2.88E-14,4.27E-14
1,45.5,8.28E-07,37.10107,1.98128,9.03E-08,7.2608,6.10086,28.2,1.05E-06,0.0243,91,8.42E-10,1.05E-06,1.35E-06,3.03E-20,5.72E-20,2.88E-14,4.27E-14
1,46,8.28E-07,37.10107,1.98128,9.11E-08,7.2608,6.10086,28.2,1.05E-06,0.0243,91,8.49E-10,1.05E-06,1.36E-06,3.03E-20,5.73E-20,2.88E-14,4.27E-14
1,46.5,8.29E-07,37.10107,1.98128,9.19E-08,7.2608,6.10086,28.2,1.05E-06,0.0243,91,8.57E-10,1.05E-06,1.36E-06,3.04E-20,5.75E-20,2.88E-14,4.27E-14
1,47,8.29E-07,37.10107,1.98128,9.27E-08,7.2608,6.10086,28.2,1.05E-06,0.0243,91,8.64E-10,1.05E-06,1.37E-06,3.04E-20,5.77E-20,2.88E-14,4.27E-14
1,47.5,8.30E-07,37.10107,1.98128,9.35E-08,7.2608,6.10086,28.2,1.05E-06,0.0243,91,8.72E-10,1.06E-06,1.37E-06,3.04E-20,5.79E-20,2.88E-14,4.27E-14
1,48,8.30E-07,37.10107,1.98128,9.43E-08,7.2608,6.10086,28.2,1.05E-06,0.0243,91,8.79E-10,1.06E-06,1.38E-06,3.04E-20,5.81E-20,2.88E-14,4.27E-14
1,48.5,8.30E-07,37.10107,1.98128,9.51E-08,7.2608,6.10086,28.2,1.05E-06,0.0243,91,8.87E-10,1.06E-06,1.38E-06,3.04E-20,5.83E-20,2.88E-14,4.27E-14
1,49,8.31E-07,37.10107,1.98128,9.59E-08,7.2608,6.10086,28.2,1.05E-06,0.0243,91,8.94E-10,1.06E-06,1.39E-06,3.04E-20,5.85E-20,2.88E-14,4.27E-14
1,49.5,8.31E-07,37.10107,1.98128,9.67E-08,7.2608,6.10086,28.2,1.05E-06,0.0243,91,9.02E-10,1.06E-06,1.39E-06,3.05E-20,5.87E-20,2.88E-14,4.27E-14
1,50,8.32E-07,37.10107,1.98128,9.75E-08,7.2608,6.10086,28.2,1.05E-06,0.0243,91,9.10E-10,1.06E-06,1.40E-06,3.05E-20,5.89E-20,2.88E-14,4.27E-14
2,0,7.91E-07,37.10107,1.98128,2.81E-08,7.2608,6.10086,28.2,1.00E-06,0.0243,91,2.62E-10,1.00E-06,1.00E-06,2.88E-23,4.22E-23,2.88E-17,4.27E-17
2,0.5,7.91E-07,37.10107,1.98128,2.81E-08,7.2608,6.10086,28.2,1.00E-06,0.0243,91,2.62E-10,1.00E-06,1.00E-06,2.88E-23,4.22E-23,2.88E-17,4.27E-17
2,1,7.91E-07,37.10107,1.98128,2.81E-08,7.2608,6.10086,28.2,1.00E-06,0.0243,91,2.62E-10,1.00E-06,1.00E-06,2.88E-23,4.22E-23,2.88E-17,4.27E-17
2,1.5,7.91E-07,37.10107,1.98128,2.81E-08,7.2608,6.10086,28.2,1.00E-06,0.0243,91,2.62E-10,1.00E-06,1.00E-06,2.88E-23,4.22E-23,2.88E-17,4.27E-17
2,2,7.91E-07,37.10107,1.98128,2.81E-08,7.2608,6.10086,28.2,1.00E-06,0.0243,91,2.62E-10,1.00E-06,1.00E-06,2.88E-23,4.22E-23,2.88E-17,4.27E-17
2,2.5,7.91E-07,37.10107,1.98128,2.81E-08,7.2608,6.10086,28.2,1.00E-06,0.0243,91,2.62E-10,1.00E-06,1.00E-06,2.88E-23,4.22E-23,2.88E-17,4.27E-17
2,3,7.91E-07,37.10107,1.98128,2.81E-08,7.2608,6.10086,28.2,1.00E-06,0.0243,91,2.62E-10,1.00E-06,1.00E-06,2.88E-23,4.22E-23,2.88E-17,4.27E-17
2,3.5,7.91E-07,37.10107,1.98128,2.81E-08,7.2608,6.10086,28.2,1.00E-06,0.0243,91,2.62E-10,1.00E-06,1.00E-06,2.88E-23,4.22E-23,2.88E-17,4.27E-17
2,4,7.91E-07,37.10107,1.98128,2.81E-08,7.2608,6.10086,28.2,1.00E-06,0.0243,91,2.62E-10,1.00E-06,1.00E-06,2.88E-23,4.22E-23,2.88E-17,4.27E-17
2,4.5,7.91E-07,37.10107,1.98128,2.81E-08,7.2608,6.10086,28.2,1.00E-06,0.0243,91,2.62E-10,1.00E-06,1.00E-06,2.88E-23,4.22E-23,2.88E-17,4.27E-17
2,5,7.91E-07,37.10107,1.98128,2.81E-08,7.2608,6.10086,28.2,1.00E-06,0.0243,91,2.62E-10,1.00E-06,1.00E-06,2.88E-23,4.22E-23,2.88E-17,4.27E-17
2,5.5,7.91E-07,37.10107,1.98128,2.81E-08,7.2608,6.10086,28.2,1.00E-06,0.0243,91,2.62E-10,1.00E-06,1.00E-06,2.88E-23,4.22E-23,2.88E-17,4.27E-17
2,6,7.91E-07,37.10107,1.98128,2.81E-08,7.2608,6.10086,28.2,1.00E-06,0.0243,91,2.62E-10,1.00E-06,1.00E-06,2.88E-23,4.22E-23,2.88E-17,4.27E-17
2,6.5,7.91E-07,37.10107,1.98128,2.81E-08,7.2608,6.10086,28.2,1.00E-06,0.0243,91,2.62E-10,1.00E-06,1.00E-06,2.88E-23,4.22E-23,2.88E-17,4.27E-17
2,7,7.91E-07,37.10107,1.98128,2.81E-08,7.2608,6.10086,28.2,1.00E-06,0.0243,91,2.62E-10,1.00E-06,1.00E-06,2.88E-23,4.22E-23,2.88E-17,4.27E-17
2,7.5,7.91E-07,37.10107,1.98128,2.81E-08,7.2608,6.10086,28.2,1.00E-06,0.0243,91,2.62E-10,1.00E-06,1.00E-06,2.88E-23,4.22E-23,2.88E-17,4.27E-17
2,8,7.91E-07,37.10107,1.98128,2.81E-08,7.2608,6.10086,28.2,1.00E-06,0.0243,91,2.62E-10,1.00E-06,1.00E-06,2.88E-23,4.22E-23,2.88E-17,4.27E-17
2,8.5,7.91E-07,37.10107,1.98128,2.81E-08,7.2608,6.10086,28.2,1.00E-06,0.0243,91,2.62E-10,1.00E-06,1.00E-06,2.88E-23,4.22E-23,2.88E-17,4.27E-17
2,9,7.91E-07,37.10107,1.98128,2.81E-08,7.2608,6.10086,28.2,1.00E-06,0.0243,91,2.62E-10,1.00E-06,1.00E-06,2.88E-23,4.22E-23,2.88E-17,4.27E-17
2,9.5,7.91E-07,37.10107,1.98128,2.81E-08,7.2608,6.10086,28.2,1.00E-06,0.0243,91,2.62E-10,1.00E-06,1.00E-06,2.88E-23,4.22E-23,2.88E-17,4.27E-17
2,10,7.91E-07,37.10107,1.98128,2.81E-08,7.2608,6.10086,28.2,1.00E-06,0.0243,91,2.62E-10,1.00E-06,1.00E-06,2.88E-23,4.22E-23,2.88E-17,4.27E-17
2,10.5,7.91E-07,37.10107,1.98128,2.81E-08,7.2608,6.10086,28.2,1.00E-06,0.0243,91,2.62E-10,1.00E-06,1.00E-06,2.88E-23,4.22E-23,2.88E-17,4.27E-17
2,11,7.91E-07,37.10107,1.98128,2.81E-08,7.2608,6.10086,28.2,1.00E-06,0.0243,91,2.62E-10,1.00E-06,1.00E-06,2.88E-23,4.22E-23,2.88E-17,4.27E-17
2,11.5,7.91E-07,37.10107,1.98128,2.81E-08,7.2608,6.10086,28.2,1.00E-06,0.0243,91,2.62E-10,1.00E-06,1.00E-06,2.88E-23,4.22E-23,2.88E-17,4.27E-17
2,12,7.91E-07,37.10107,1.98128,2.81E-08,7.2608,6.10086,28.2,1.00E-06,0.0243,91,2.62E-10,1.00E-06,1.00E-06,2.88E-23,4.22E-23,2.88E-17,4.27E-17
2,12.5,7.91E-07,37.10107,1.98128,2.81E-08,7.2608,6.10086,28.2,1.00E-06,0.0243,91,2.62E-10,1.00E-06,1.00E-06,2.88E-23,4.22E-23,2.88E-17,4.27E-17
2,13,7.91E-07,37.10107,1.98128,2.81E-08,7.2608,6.10086,28.2,1.00E-06,0.0243,91,2.62E-10,1.00E-06,1.00E-06,2.88E-23,4.22E-23,2.88E-17,4.27E-17
2,13.5,7.91E-07,37.10107,1.98128,2.81E-08,7.2608,6.10086,28.2,1.00E-06,0.0243,91,2.62E-10,1.00E-06,1.00E-06,2.88E-23,4.22E-23,2.88E-17,4.27E-17
2,14,7.91E-07,37.10107,1.98128,2.81E-08,7.2608,6.10086,28.2,1.00E-06,0.0243,91,2.62E-10,1.00E-06,1.00E-06,2.88E-23,4.22E-23,2.88E-17,4.27E-17
2,14.5,7.91E-07,37.10107,1.98128,2.81E-08,7.2608,6.10086,28.2,1.00E-06,0.0243,91,2.62E-10,1.00E-06,1.00E-06,2.88E-23,4.22E-23,2.88E-17,4.27E-17
2,15,7.91E-07,37.10107,1.98128,2.81E-08,7.2608,6.10086,28.2,1.00E-06,0.0243,91,2.62E-10,1.00E-06,1.00E-06,2.88E-23,4.22E-23,2.88E-17,4.27E-17
2,15.5,7.91E-07,37.10107,1.98128,2.81E-08,7.2608,6.10086,28.2,1.00E-06,0.0243,91,2.62E-10,1.00E-06,1.00E-06,2.88E-23,4.22E-23,2.88E-17,4.27E-17
2,16,7.91E-07,37.10107,1.98128,2.81E-08,7.2608,6.10086,28.2,1.00E-06,0.0243,91,2.62E-10,1.00E-06,1.00E-06,2.88E-23,4.22E-23,2.88E-17,4.27E-17
2,16.5,7.91E-07,37.10107,1.98128,2.81E-08,7.2608,6.10086,28.2,1.00E-06,0.0243,91,2.62E-10,1.00E-06,1.00E-06,2.88E-23,4.22E-23,2.88E-17,4.27E-17
2,17,7.91E-07,37.10107,1.98128,2.81E-08,7.2608,6.10086,28.2,1.00E-06,0.0243,91,2.62E-10,1.00E-06,1.00E-06,2.88E-23,4.22E-23,2.88E-17,4.27E-17
2,17.5,7.91E-07,37.10107,1.98128,2.81E-08,7.2608,6.10086,28.2,1.00E-06,0.0243,91,2.62E-10,1.00E-06,1.00E-06,2.88E-23,4.22E-23,2.88E-17,4.27E-17
2,18,7.91E-07,37.10107,1.98128,2.81E-08,7.2608,6.10086,28.2,1.00E-06,0.0243,91,2.62E-10,1.00E-06,1.00E-06,2.88E-23,4.22E-23,2.88E-17,4.27E-17
2,18.5,7.91E-07,37.10107,1.98128,2.81E-08,7.2608,6.10086,28.2,1.00E-06,0.0243,91,2.62E-10,1.00E-06,1.00E-06,2.88E-23,4.22E-23,2.88E-17,4.27E-17
2,19,7.91E-07,37.10107,1.98128,2.81E-08,7.2608,6.10086,28.2,1.00E-06,0.0243,91,2.62E-10,1.00E-06,1.00E-06,2.88E-23,4.22E-23,2.88E-17,4.27E-17
2,19.5,7.91E-07,37.10107,1.98128,2.81E-08,7.2608,6.10086,28.2,1.00E-06,0.0243,91,2.62E-10,1.00E-06,1.00E-06,2.88E-23,4.22E-23,2.88E-17,4.27E-17
2,20,7.91E-07,37.10107,1.98128,2.81E-08,7.2608,6.10086,28.2,1.00E-06,0.0243,91,2.62E-10,1.00E-06,1.00E-06,2.88E-23,4.22E-23,2.88E-17,4.27E-17
2,20.5,7.91E-07,37.10107,1.98128,2.81E-08,7.2608,6.10086,28.2,1.00E-06,0.0243,91,2.62E-10,1.00E-06,1.00E-06,2.88E-23,4.22E-23,2.88E-17,4.27E-17
2,21,7.91E-07,37.10107,1.98128,2.81E-08,7.2608,6.10086,28.2,1.00E-06,0.0243,91,2.63E-10,1.00E-06,1.00E-06,2.88E-23,4.22E-23,2.88E-17,4.27E-17
2,21.5,7.91E-07,37.10107,1.98128,2.81E-08,7.2608,6.10086,28.2,1.00E-06,0.0243,91,2.63E-10,1.00E-06,1.00E-06,2.88E-23,4.22E-23,2.88E-17,4.27E-17
2,22,7.91E-07,37.10107,1.98128,2.81E-08,7.2608,6.10086,28.2,1.00E-06,0.0243,91,2.63E-10,1.00E-06,1.00E-06,2.88E-23,4.22E-23,2.88E-17,4.27E-17
2,22.5,7.91E-07,37.10107,1.98128,2.81E-08,7.2608,6.10086,28.2,1.00E-06,0.0243,91,2.63E-10,1.00E-06,1.00E-06,2.88E-23,4.22E-23,2.88E-17,4.27E-17
2,23,7.91E-07,37.10107,1.98128,2.81E-08,7.2608,6.10086,28.2,1.00E-06,0.0243,91,2.63E-10,1.00E-06,1.00E-06,2.88E-23,4.22E-23,2.88E-17,4.27E-17
2,23.5,7.91E-07,37.10107,1.98128,2.81E-08,7.2608,6.10086,28.2,1.00E-06,0.0243,91,2.63E-10,1.00E-06,1.00E-06,2.88E-23,4.22E-23,2.88E-17,4.27E-17
2,24,7.91E-07,37.10107,1.98128,2.82E-08,7.2608,6.10086,28.2,1.00E-06,0.0243,91,2.63E-10,1.00E-06,1.00E-06,2.88E-23,4.22E-23,2.88E-17,4.27E-17
2,24.5,7.91E-07,37.10107,1.98128,2.82E-08,7.2608,6.10086,28.2,1.00E-06,0.0243,91,2.63E-10,1.00E-06,1.00E-06,2.88E-23,4.22E-23,2.88E-17,4.27E-17
2,25,7.91E-07,37.10107,1.98128,2.82E-08,7.2608,6.10086,28.2,1.00E-06,0.0243,91,2.63E-10,1.00E-06,1.00E-06,2.88E-23,4.22E-23,2.88E-17,4.27E-17
2,25.5,7.91E-07,37.10107,1.98128,2.82E-08,7.2608,6.10086,28.2,1.00E-06,0.0243,91,2.63E-10,1.00E-06,1.00E-06,2.88E-23,4.22E-23,2.88E-17,4.27E-17
2,26,7.91E-07,37.10107,1.98128,2.82E-08,7.2608,6.10086,28.2,1.00E-06,0.0243,91,2.63E-10,1.00E-06,1.00E-06,2.88E-23,4.22E-23,2.88E-17,4.27E-17
2,26.5,7.91E-07,37.10107,1.98128,2.82E-08,7.2608,6.10086,28.2,1.00E-06,0.0243,91,2.63E-10,1.00E-06,1.00E-06,2.88E-23,4.22E-23,2.88E-17,4.27E-17
2,27,7.91E-07,37.10107,1.98128,2.82E-08,7.2608,6.10086,28.2,1.00E-06,0.0243,91,2.63E-10,1.00E-06,1.00E-06,2.88E-23,4.22E-23,2.88E-17,4.27E-17
2,27.5,7.91E-07,37.10107,1.98128,2.82E-08,7.2608,6.10086,28.2,1.00E-06,0.0243,91,2.63E-10,1.00E-06,1.00E-06,2.88E-23,4.22E-23,2.88E-17,4.27E-17
2,28,7.91E-07,37.10107,1.98128,2.82E-08,7.2608,6.10086,28.2,1.00E-06,0.0243,91,2.63E-10,1.00E-06,1.00E-06,2.88E-23,4.22E-23,2.88E-17,4.27E-17
2,28.5,7.91E-07,37.10107,1.98128,2.82E-08,7.2608,6.10086,28.2,1.00E-06,0.0243,91,2.63E-10,1.00E-06,1.00E-06,2.88E-23,4.22E-23,2.88E-17,4.27E-17
2,29,7.91E-07,37.10107,1.98128,2.82E-08,7.2608,6.10086,28.2,1.00E-06,0.0243,91,2.63E-10,1.00E-06,1.00E-06,2.88E-23,4.22E-23,2.88E-17,4.27E-17
2,29.5,7.91E-07,37.10107,1.98128,2.82E-08,7.2608,6.10086,28.2,1.00E-06,0.0243,91,2.63E-10,1.00E-06,1.00E-06,2.88E-23,4.22E-23,2.88E-17,4.27E-17
2,30,7.91E-07,37.10107,1.98128,2.82E-08,7.2608,6.10086,28.2,1.00E-06,0.0243,91,2.63E-10,1.00E-06,1.00E-06,2.88E-23,4.22E-23,2.88E-17,4.27E-17
2,30.5,7.91E-07,37.10107,1.98128,2.82E-08,7.2608,6.10086,28.2,1.00E-06,0.0243,91,2.63E-10,1.00E-06,1.00E-06,2.88E-23,4.22E-23,2.88E-17,4.27E-17
2,31,7.91E-07,37.10107,1.98128,2.82E-08,7.2608,6.10086,28.2,1.00E-06,0.0243,91,2.63E-10,1.00E-06,1.00E-06,2.88E-23,4.22E-23,2.88E-17,4.27E-17
2,31.5,7.91E-07,37.10107,1.98128,2.82E-08,7.2608,6.10086,28.2,1.00E-06,0.0243,91,2.63E-10,1.00E-06,1.00E-06,2.88E-23,4.22E-23,2.88E-17,4.27E-17
2,32,7.91E-07,37.10107,1.98128,2.82E-08,7.2608,6.10086,28.2,1.00E-06,0.0243,91,2.63E-10,1.00E-06,1.00E-06,2.88E-23,4.22E-23,2.88E-17,4.27E-17
2,32.5,7.91E-07,37.10107,1.98128,2.82E-08,7.2608,6.10086,28.2,1.00E-06,0.0243,91,2.63E-10,1.00E-06,1.00E-06,2.88E-23,4.22E-23,2.88E-17,4.27E-17
2,33,7.91E-07,37.10107,1.98128,2.82E-08,7.2608,6.10086,28.2,1.00E-06,0.0243,91,2.63E-10,1.00E-06,1.00E-06,2.88E-23,4.22E-23,2.88E-17,4.27E-17
2,33.5,7.91E-07,37.10107,1.98128,2.82E-08,7.2608,6.10086,28.2,1.00E-06,0.0243,91,2.63E-10,1.00E-06,1.00E-06,2.88E-23,4.22E-23,2.88E-17,4.27E-17
2,34,7.91E-07,37.10107,1.98128,2.82E-08,7.2608,6.10086,28.2,1.00E-06,0.0243,91,2.63E-10,1.00E-06,1.00E-06,2.88E-23,4.22E-23,2.88E-17,4.27E-17
2,34.5,7.91E-07,37.10107,1.98128,2.82E-08,7.2608,6.10086,28.2,1.00E-06,0.0243,91,2.63E-10,1.00E-06,1.00E-06,2.88E-23,4.22E-23,2.88E-17,4.27E-17
2,35,7.91E-07,37.10107,1.98128,2.82E-08,7.2608,6.10086,28.2,1.00E-06,0.0243,91,2.63E-10,1.00E-06,1.00E-06,2.88E-23,4.22E-23,2.88E-17,4.27E-17
2,35.5,7.91E-07,37.10107,1.98128,2.82E-08,7.2608,6.10086,28.2,1.00E-06,0.0243,91,2.63E-10,1.00E-06,1.00E-06,2.88E-23,4.22E-23,2.88E-17,4.27E-17
2,36,7.91E-07,37.10107,1.98128,2.82E-08,7.2608,6.10086,28.2,1.00E-06,0.0243,91,2.63E-10,1.00E-06,1.00E-06,2.88E-23,4.22E-23,2.88E-17,4.27E-17
2,36.5,7.91E-07,37.10107,1.98128,2.82E-08,7.2608,6.10086,28.2,1.00E-06,0.0243,91,2.63E-10,1.00E-06,1.00E-06,2.88E-23,4.22E-23,2.88E-17,4.27E-17
2,37,7.91E-07,37.10107,1.98128,2.82E-08,7.2608,6.10086,28.2,1.00E-06,0.0243,91,2.63E-10,1.00E-06,1.00E-06,2.88E-23,4.22E-23,2.88E-17,4.27E-17
2,37.5,7.91E-07,37.10107,1.98128,2.82E-08,7.2608,6.10086,28.2,1.00E-06,0.0243,91,2.63E-10,1.00E-06,1.00E-06,2.88E-23,4.22E-23,2.88E-17,4.27E-17
2,38,7.91E-07,37.10107,1.98128,2.82E-08,7.2608,6.10086,28.2,1.00E-06,0.0243,91,2.63E-10,1.00E-06,1.00E-06,2.88E-23,4.22E-23,2.88E-17,4.27E-17
2,38.5,7.91E-07,37.10107,1.98128,2.82E-08,7.2608,6.10086,28.2,1.00E-06,0.0243,91,2.63E-10,1.00E-06,1.00E-06,2.88E-23,4.22E-23,2.88E-17,4.27E-17
2,39,7.91E-07,37.10107,1.98128,2.82E-08,7.2608,6.10086,28.2,1.00E-06,0.0243,91,2.63E-10,1.00E-06,1.00E-06,2.88E-23,4.22E-23,2.88E-17,4.27E-17
2,39.5,7.91E-07,37.10107,1.98128,2.82E-08,7.2608,6.10086,28.2,1.00E-06,0.0243,91,2.63E-10,1.00E-06,1.00E-06,2.88E-23,4.22E-23,2.88E-17,4.27E-17
2,40,7.91E-07,37.10107,1.98128,2.82E-08,7.2608,6.10086,28.2,1.00E-06,0.0243,91,2.63E-10,1.00E-06,1.00E-06,2.88E-23,4.22E-23,2.88E-17,4.27E-17
2,40.5,7.91E-07,37.10107,1.98128,2.82E-08,7.2608,6.10086,28.2,1.00E-06,0.0243,91,2.63E-10,1.00E-06,1.00E-06,2.88E-23,4.22E-23,2.88E-17,4.27E-17
2,41,7.91E-07,37.10107,1.98128,2.82E-08,7.2608,6.10086,28.2,1.00E-06,0.0243,91,2.63E-10,1.00E-06,1.00E-06,2.88E-23,4.22E-23,2.88E-17,4.27E-17
2,41.5,7.91E-07,37.10107,1.98128,2.82E-08,7.2608,6.10086,28.2,1.00E-06,0.0243,91,2.63E-10,1.00E-06,1.00E-06,2.88E-23,4.22E-23,2.88E-17,4.27E-17
2,42,7.91E-07,37.10107,1.98128,2.82E-08,7.2608,6.10086,28.2,1.00E-06,0.0243,91,2.63E-10,1.00E-06,1.00E-06,2.88E-23,4.22E-23,2.88E-17,4.27E-17
2,42.5,7.91E-07,37.10107,1.98128,2.82E-08,7.2608,6.10086,28.2,1.00E-06,0.0243,91,2.63E-10,1.00E-06,1.00E-06,2.88E-23,4.22E-23,2.88E-17,4.27E-17
2,43,7.91E-07,37.10107,1.98128,2.82E-08,7.2608,6.10086,28.2,1.00E-06,0.0243,91,2.63E-10,1.00E-06,1.00E-06,2.88E-23,4.22E-23,2.88E-17,4.27E-17
2,43.5,7.91E-07,37.10107,1.98128,2.82E-08,7.2608,6.10086,28.2,1.00E-06,0.0243,91,2.63E-10,1.00E-06,1.00E-06,2.88E-23,4.22E-23,2.88E-17,4.27E-17
2,44,7.91E-07,37.10107,1.98128,2.82E-08,7.2608,6.10086,28.2,1.00E-06,0.0243,91,2.63E-10,1.00E-06,1.00E-06,2.88E-23,4.22E-23,2.88E-17,4.27E-17
2,44.5,7.91E-07,37.10107,1.98128,2.82E-08,7.2608,6.10086,28.2,1.00E-06,0.0243,91,2.63E-10,1.00E-06,1.00E-06,2.88E-23,4.22E-23,2.88E-17,4.27E-17
2,45,7.91E-07,37.10107,1.98128,2.82E-08,7.2608,6.10086,28.2,1.00E-06,0.0243,91,2.63E-10,1.00E-06,1.00E-06,2.88E-23,4.22E-23,2.88E-17,4.27E-17
2,45.5,7.91E-07,37.10107,1.98128,2.82E-08,7.2608,6.10086,28.2,1.00E-06,0.0243,91,2.63E-10,1.00E-06,1.00E-06,2.88E-23,4.22E-23,2.88E-17,4.27E-17
2,46,7.91E-07,37.10107,1.98128,2.82E-08,7.2608,6.10086,28.2,1.00E-06,0.0243,91,2.63E-10,1.00E-06,1.00E-06,2.88E-23,4.22E-23,2.88E-17,4.27E-17
2,46.5,7.91E-07,37.10107,1.98128,2.82E-08,7.2608,6.10086,28.2,1.00E-06,0.0243,91,2.63E-10,1.00E-06,1.00E-06,2.88E-23,4.22E-23,2.88E-17,4.27E-17
2,47,7.91E-07,37.10107,1.98128,2.82E-08,7.2608,6.10086,28.2,1.00E-06,0.0243,91,2.63E-10,1.00E-06,1.00E-06,2.88E-23,4.22E-23,2.88E-17,4.27E-17
2,47.5,7.91E-07,37.10107,1.98128,2.82E-08,7.2608,6.10086,28.2,1.00E-06,0.0243,91,2.63E-10,1.00E-06,1.00E-06,2.88E-23,4.22E-23,2.88E-17,4.27E-17
2,48,7.91E-07,37.10107,1.98128,2.82E-08,7.2608,6.10086,28.2,1.00E-06,0.0243,91,2.63E-10,1.00E-06,1.00E-06,2.88E-23,4.22E-23,2.88E-17,4.27E-17
2,48.5,7.91E-07,37.10107,1.98128,2.82E-08,7.2608,6.10086,28.2,1.00E-06,0.0243,91,2.63E-10,1.00E-06,1.00E-06,2.88E-23,4.22E-23,2.88E-17,4.27E-17
2,49,7.91E-07,37.10107,1.98128,2.82E-08,7.2608,6.10086,28.2,1.00E-06,0.0243,91,2.63E-10,1.00E-06,1.00E-06,2.88E-23,4.22E-23,2.88E-17,4.27E-17
2,49.5,7.91E-07,37.10107,1.98128,2.82E-08,7.2608,6.10086,28.2,1.00E-06,0.0243,91,2.63E-10,1.00E-06,1.00E-06,2.88E-23,4.22E-23,2.88E-17,4.27E-17
2,50,7.91E-07,37.10107,1.98128,2.82E-08,7.2608,6.10086,28.2,1.00E-06,0.0243,91,2.63E-10,1.00E-06,1.00E-06,2.88E-23,4.22E-23,2.88E-17,4.27E-17
3,0,7.91E-07,37.10107,1.98128,2.81E-08,7.2608,6.10086,28.2,1.00E-06,0.0243,91,2.62E-10,1.00E-06,1.00E-06,2.88E-18,4.22E-18,2.88E-12,4.27E-12
3,0.3,8.11E-07,37.10107,1.98128,6.09E-08,7.2608,6.10086,28.2,1.03E-06,0.0243,91,5.68E-10,1.03E-06,1.19E-06,2.96E-18,5.01E-18,2.88E-12,4.27E-12
3,0.5,8.32E-07,37.10107,1.98128,9.89E-08,7.2608,6.10086,28.2,1.05E-06,0.0243,91,9.23E-10,1.06E-06,1.41E-06,3.05E-18,5.94E-18,2.88E-12,4.27E-12
3,0.8,8.55E-07,37.10107,1.98128,1.46E-07,7.2608,6.10086,28.2,1.08E-06,0.0243,91,1.36E-09,1.09E-06,1.68E-06,3.14E-18,7.09E-18,2.88E-12,4.27E-12
3,1.1,8.83E-07,37.10107,1.98128,2.17E-07,7.2608,6.10086,28.2,1.12E-06,0.0243,91,2.02E-09,1.13E-06,2.09E-06,3.26E-18,8.81E-18,2.88E-12,4.27E-12
3,1.4,9.09E-07,37.10107,1.98128,2.92E-07,7.2608,6.10086,28.2,1.15E-06,0.0243,91,2.72E-09,1.17E-06,2.52E-06,3.36E-18,1.06E-17,2.88E-12,4.27E-12
3,1.7,9.38E-07,37.10107,1.98128,3.93E-07,7.2608,6.10086,28.2,1.19E-06,0.0243,91,3.66E-09,1.21E-06,3.11E-06,3.48E-18,1.31E-17,2.88E-12,4.27E-12
3,2,9.70E-07,37.10107,1.98128,5.30E-07,7.2608,6.10086,28.2,1.23E-06,0.0243,91,4.94E-09,1.26E-06,3.91E-06,3.62E-18,1.65E-17,2.88E-12,4.27E-12
3,2.4,1.01E-06,37.10107,1.98128,7.15E-07,7.2608,6.10086,28.2,1.27E-06,0.0243,91,6.67E-09,1.31E-06,4.99E-06,3.77E-18,2.11E-17,2.88E-12,4.27E-12
3,2.7,1.05E-06,37.10107,1.98128,9.65E-07,7.2608,6.10086,28.2,1.32E-06,0.0243,91,9.00E-09,1.37E-06,6.45E-06,3.93E-18,2.72E-17,2.88E-12,4.27E-12
3,3,1.08E-06,37.10107,1.98128,1.18E-06,7.2608,6.10086,28.2,1.36E-06,0.0243,91,1.10E-08,1.41E-06,7.71E-06,4.05E-18,3.25E-17,2.88E-12,4.27E-12
3,3.3,1.11E-06,37.10106,1.98128,1.44E-06,7.2608,6.10086,28.2,1.40E-06,0.0243,91,1.35E-08,1.45E-06,9.25E-06,4.17E-18,3.90E-17,2.88E-12,4.27E-12
3,3.5,1.14E-06,37.10106,1.98128,1.76E-06,7.2608,6.10086,28.2,1.44E-06,0.0243,91,1.65E-08,1.49E-06,1.11E-05,4.30E-18,4.70E-17,2.88E-12,4.27E-12
3,3.8,1.17E-06,37.10106,1.98128,2.16E-06,7.2608,6.10086,28.2,1.48E-06,0.0243,91,2.01E-08,1.54E-06,1.34E-05,4.44E-18,5.67E-17,2.88E-12,4.27E-12
3,4.1,1.20E-06,37.10106,1.98128,2.64E-06,7.2608,6.10087,28.2,1.52E-06,0.0243,91,2.46E-08,1.59E-06,1.63E-05,4.58E-18,6.86E-17,2.88E-12,4.27E-12
3,4.3,1.24E-06,37.10106,1.98128,3.23E-06,7.2608,6.10087,28.2,1.57E-06,0.0243,91,3.01E-08,1.64E-06,1.97E-05,4.73E-18,8.32E-17,2.88E-12,4.27E-12
3,4.6,1.28E-06,37.10105,1.98128,3.95E-06,7.2608,6.10087,28.2,1.62E-06,0.0243,91,3.68E-08,1.70E-06,2.40E-05,4.88E-18,1.01E-16,2.88E-12,4.27E-12
3,4.9,1.32E-06,37.10105,1.98128,4.83E-06,7.2608,6.10087,28.2,1.66E-06,0.0243,91,4.51E-08,1.75E-06,2.91E-05,5.04E-18,1.23E-16,2.88E-12,4.27E-12
3,5.3,1.37E-06,37.10104,1.98128,6.31E-06,7.2608,6.10087,28.2,1.73E-06,0.0243,90.9999,5.89E-08,1.83E-06,3.78E-05,5.27E-18,1.59E-16,2.88E-12,4.27E-12
3,5.6,1.41E-06,37.10104,1.98128,7.72E-06,7.2608,6.10087,28.2,1.79E-06,0.0243,90.9999,7.20E-08,1.89E-06,4.61E-05,5.44E-18,1.94E-16,2.88E-12,4.27E-12
3,5.9,1.46E-06,37.10103,1.98128,9.45E-06,7.26079,6.10088,28.2,1.84E-06,0.0243,90.9999,8.82E-08,1.95E-06,5.62E-05,5.62E-18,2.37E-16,2.88E-12,4.27E-12
3,6.1,1.50E-06,37.10102,1.98128,1.16E-05,7.26079,6.10088,28.2,1.90E-06,0.0243,90.9999,1.08E-07,2.02E-06,6.86E-05,5.81E-18,2.90E-16,2.88E-12,4.27E-12
3,6.4,1.55E-06,37.10101,1.98128,1.42E-05,7.26079,6.10089,28.2,1.96E-06,0.0243,90.9999,1.32E-07,2.09E-06,8.39E-05,6.00E-18,3.54E-16,2.88E-12,4.27E-12
3,6.7,1.60E-06,37.101,1.98128,1.73E-05,7.26079,6.10089,28.2,2.02E-06,0.0243,90.9998,1.62E-07,2.16E-06,1.02E-04,6.21E-18,4.32E-16,2.88E-12,4.27E-12
3,7,1.65E-06,37.10098,1.98128,2.12E-05,7.26078,6.1009,28.2,2.09E-06,0.0243,90.9998,1.98E-07,2.23E-06,1.25E-04,6.42E-18,5.29E-16,2.88E-12,4.27E-12
3,7.3,1.70E-06,37.10096,1.98128,2.60E-05,7.26078,6.10091,28.2,2.15E-06,0.0243,90.9997,2.42E-07,2.30E-06,1.53E-04,6.63E-18,6.46E-16,2.88E-12,4.27E-12
3,7.6,1.76E-06,37.10094,1.98128,3.18E-05,7.26077,6.10092,28.2,2.22E-06,0.0243,90.9997,2.96E-07,2.38E-06,1.87E-04,6.85E-18,7.90E-16,2.88E-12,4.27E-12
3,7.9,1.81E-06,37.10091,1.98128,3.89E-05,7.26076,6.10093,28.2,2.29E-06,0.0243,90.9996,3.63E-07,2.46E-06,2.29E-04,7.09E-18,9.67E-16,2.88E-12,4.27E-12
3,8.2,1.87E-06,37.10088,1.98128,4.76E-05,7.26076,6.10094,28.2,2.37E-06,0.0243,90.9995,4.44E-07,2.54E-06,2.80E-04,7.33E-18,1.18E-15,2.88E-12,4.27E-12
3,8.5,1.93E-06,37.10083,1.98128,5.83E-05,7.26075,6.10096,28.2,2.44E-06,0.0243,90.9994,5.44E-07,2.63E-06,3.43E-04,7.57E-18,1.45E-15,2.88E-12,4.27E-12
3,8.8,1.99E-06,37.10078,1.98128,7.13E-05,7.26073,6.10098,28.2,2.52E-06,0.02429,90.9993,6.65E-07,2.72E-06,4.20E-04,7.83E-18,1.77E-15,2.88E-12,4.27E-12
3,9,2.06E-06,37.10072,1.98128,8.73E-05,7.26072,6.10101,28.2,2.60E-06,0.02429,90.9991,8.14E-07,2.81E-06,5.13E-04,8.09E-18,2.17E-15,2.88E-12,4.27E-12
3,9.3,2.12E-06,37.10064,1.98128,1.07E-04,7.2607,6.10104,28.2,2.69E-06,0.02429,90.9989,9.97E-07,2.91E-06,6.28E-04,8.37E-18,2.65E-15,2.88E-12,4.27E-12
3,9.6,2.19E-06,37.10054,1.98128,1.31E-04,7.26067,6.10109,28.2,2.77E-06,0.02429,90.9987,1.22E-06,3.00E-06,7.69E-04,8.65E-18,3.24E-15,2.88E-12,4.27E-12
3,9.9,2.26E-06,37.10043,1.98128,1.60E-04,7.26064,6.10114,28.2,2.86E-06,0.02429,90.9984,1.49E-06,3.11E-06,9.41E-04,8.94E-18,3.97E-15,2.88E-12,4.27E-12
3,10.3,2.36E-06,37.10024,1.98128,2.07E-04,7.2606,6.10122,28.2,2.98E-06,0.02429,90.9979,1.93E-06,3.24E-06,1.22E-03,9.33E-18,5.14E-15,2.88E-12,4.27E-12
3,10.6,2.43E-06,37.10005,1.98128,2.54E-04,7.26055,6.1013,28.2,3.08E-06,0.02428,90.9975,2.37E-06,3.35E-06,1.49E-03,9.65E-18,6.29E-15,2.88E-12,4.27E-12
3,10.9,2.51E-06,37.09982,1.98128,3.11E-04,7.26049,6.1014,28.2,3.18E-06,0.02428,90.9969,2.90E-06,3.46E-06,1.82E-03,9.98E-18,7.70E-15,2.88E-12,4.27E-12
3,11.2,2.60E-06,37.09954,1.98128,3.80E-04,7.26042,6.10151,28.2,3.28E-06,0.02428,90.9962,3.55E-06,3.58E-06,2.23E-03,1.03E-17,9.42E-15,2.88E-12,4.27E-12
3,11.5,2.68E-06,37.0992,1.98128,4.65E-04,7.26034,6.10166,28.2,3.39E-06,0.02427,90.9954,4.34E-06,3.70E-06,2.73E-03,1.07E-17,1.15E-14,2.88E-12,4.27E-12
3,11.7,2.77E-06,37.09879,1.98128,5.70E-04,7.26023,6.10184,28.2,3.50E-06,0.02426,90.9944,5.31E-06,3.83E-06,3.34E-03,1.10E-17,1.41E-14,2.88E-12,4.27E-12
3,12,2.86E-06,37.09828,1.98128,6.97E-04,7.26011,6.10206,28.2,3.62E-06,0.02426,90.9931,6.50E-06,3.96E-06,4.09E-03,1.14E-17,1.73E-14,2.88E-12,4.27E-12
3,12.3,2.95E-06,37.09765,1.98128,8.53E-04,7.25995,6.10233,28.2,3.73E-06,0.02425,90.9916,7.95E-06,4.09E-06,5.01E-03,1.18E-17,2.11E-14,2.88E-12,4.27E-12
3,12.6,3.05E-06,37.09689,1.98128,1.04E-03,7.25976,6.10265,28.2,3.86E-06,0.02424,90.9897,9.72E-06,4.23E-06,6.13E-03,1.22E-17,2.59E-14,2.88E-12,4.27E-12
3,12.9,3.15E-06,37.09596,1.98128,1.28E-03,7.25953,6.10305,28.2,3.98E-06,0.02422,90.9874,1.19E-05,4.37E-06,7.50E-03,1.26E-17,3.16E-14,2.88E-12,4.27E-12
3,13.2,3.25E-06,37.09482,1.98128,1.56E-03,7.25924,6.10354,28.2,4.11E-06,0.0242,90.9846,1.45E-05,4.52E-06,9.17E-03,1.30E-17,3.87E-14,2.88E-12,4.27E-12
3,13.5,3.36E-06,37.09342,1.98128,1.91E-03,7.25889,6.10414,28.2,4.25E-06,0.02418,90.9812,1.78E-05,4.67E-06,1.12E-02,1.35E-17,4.73E-14,2.88E-12,4.27E-12
3,13.8,3.47E-06,37.09172,1.98128,2.33E-03,7.25847,6.10487,28.2,4.39E-06,0.02416,90.977,2.17E-05,4.83E-06,1.37E-02,1.39E-17,5.78E-14,2.88E-12,4.27E-12
3,14.1,3.58E-06,37.08965,1.98128,2.85E-03,7.25795,6.10577,28.2,4.53E-06,0.02412,90.9719,2.66E-05,4.99E-06,1.68E-02,1.44E-17,7.07E-14,2.88E-12,4.27E-12
3,14.4,3.70E-06,37.08711,1.98128,3.49E-03,7.25732,6.10685,28.2,4.68E-06,0.02409,90.9657,3.24E-05,5.16E-06,2.05E-02,1.49E-17,8.64E-14,2.88E-12,4.27E-12
3,14.6,3.82E-06,37.08402,1.98128,4.26E-03,7.25654,6.10818,28.2,4.83E-06,0.02404,90.9581,3.96E-05,5.33E-06,2.50E-02,1.54E-17,1.06E-13,2.88E-12,4.27E-12
3,14.9,3.94E-06,37.08025,1.98128,5.20E-03,7.2556,6.1098,28.2,4.99E-06,0.02398,90.9488,4.83E-05,5.51E-06,3.05E-02,1.59E-17,1.29E-13,2.88E-12,4.27E-12
3,15.3,4.10E-06,37.07447,1.98128,6.65E-03,7.25416,6.11229,28.2,5.19E-06,0.02389,90.9346,6.17E-05,5.74E-06,3.90E-02,1.65E-17,1.65E-13,2.88E-12,4.27E-12
3,15.6,4.24E-06,37.06864,1.98128,8.10E-03,7.2527,6.1148,28.2,5.36E-06,0.02381,90.9203,7.52E-05,5.93E-06,4.76E-02,1.71E-17,2.01E-13,2.88E-12,4.27E-12
3,15.9,4.37E-06,37.06156,1.98128,9.87E-03,7.25093,6.11785,28.2,5.53E-06,0.0237,90.9029,9.15E-05,6.13E-06,5.79E-02,1.76E-17,2.44E-13,2.88E-12,4.27E-12
3,16.1,4.51E-06,37.05298,1.98128,1.20E-02,7.24879,6.12155,28.2,5.71E-06,0.02357,90.8818,1.11E-04,6.33E-06,7.05E-02,1.82E-17,2.98E-13,2.88E-12,4.27E-12
3,16.4,4.66E-06,37.04261,1.98128,1.46E-02,7.24619,6.12603,28.2,5.89E-06,0.02341,90.8563,1.35E-04,6.53E-06,8.57E-02,1.88E-17,3.62E-13,2.88E-12,4.27E-12
3,16.7,4.81E-06,37.03011,1.98128,1.77E-02,7.24307,6.13144,28.2,6.08E-06,0.02322,90.8256,1.63E-04,6.75E-06,1.04E-01,1.94E-17,4.39E-13,2.88E-12,4.27E-12
3,17,4.96E-06,37.01507,1.98128,2.15E-02,7.23931,6.13796,28.2,6.27E-06,0.023,90.7886,1.97E-04,6.96E-06,1.26E-01,2.01E-17,5.32E-13,2.88E-12,4.27E-12
3,17.3,5.12E-06,36.99705,1.98128,2.60E-02,7.2348,6.14578,28.2,6.47E-06,0.02273,90.7443,2.38E-04,7.19E-06,1.53E-01,2.07E-17,6.44E-13,2.88E-12,4.27E-12
3,17.5,5.27E-06,36.97554,1.98128,3.14E-02,7.22943,6.15514,28.2,6.67E-06,0.02241,90.6915,2.86E-04,7.41E-06,1.84E-01,2.13E-17,7.76E-13,2.88E-12,4.27E-12
3,17.8,5.43E-06,36.95,1.98128,3.78E-02,7.22304,6.16629,28.2,6.87E-06,0.02203,90.6287,3.43E-04,7.64E-06,2.21E-01,2.20E-17,9.34E-13,2.88E-12,4.27E-12
3,18.1,5.60E-06,36.91984,1.98128,4.53E-02,7.2155,6.17952,28.2,7.08E-06,0.02158,90.5546,4.09E-04,7.88E-06,2.66E-01,2.27E-17,1.12E-12,2.88E-12,4.27E-12
3,18.3,5.76E-06,36.88442,1.98128,5.42E-02,7.20665,6.19513,28.2,7.29E-06,0.02106,90.4676,4.85E-04,8.11E-06,3.17E-01,2.34E-17,1.34E-12,2.88E-12,4.27E-12
3,18.6,5.93E-06,36.84313,1.98128,6.45E-02,7.19632,6.21345,28.2,7.50E-06,0.02046,90.3661,5.72E-04,8.35E-06,3.78E-01,2.40E-17,1.59E-12,2.88E-12,4.27E-12
3,18.9,6.18E-06,36.76886,1.98128,8.30E-02,7.17776,6.24672,28.2,7.81E-06,0.01939,90.1835,7.25E-04,8.71E-06,4.86E-01,2.51E-17,2.05E-12,2.88E-12,4.27E-12
3,19.3,6.43E-06,36.67819,1.98128,1.06E-01,7.15509,6.28797,28.2,8.13E-06,0.01811,89.9608,9.03E-04,9.06E-06,6.18E-01,2.61E-17,2.61E-12,2.88E-12,4.27E-12
3,19.6,6.67E-06,36.56985,1.98128,1.33E-01,7.128,6.33826,28.2,8.44E-06,0.01663,89.6945,1.10E-03,9.41E-06,7.76E-01,2.71E-17,3.27E-12,2.88E-12,4.27E-12
3,19.9,6.91E-06,36.44334,1.98128,1.64E-01,7.09638,6.39853,28.2,8.74E-06,0.01496,89.3837,1.31E-03,9.75E-06,9.60E-01,2.81E-17,4.05E-12,2.88E-12,4.27E-12
3,20.2,7.12E-06,36.31139,1.98128,1.97E-01,7.06339,6.4633,28.2,9.00E-06,0.0133,89.0595,1.50E-03,1.00E-05,1.15E+00,2.89E-17,4.86E-12,2.88E-12,4.27E-12
3,20.5,7.34E-06,36.15239,1.98128,2.37E-01,7.02364,6.54414,28.2,9.28E-06,0.01143,88.6689,1.70E-03,1.04E-05,1.38E+00,2.98E-17,5.83E-12,2.88E-12,4.27E-12
3,20.5,7.41E-06,36.09627,1.98128,2.51E-01,7.00961,6.55008,28.2,9.37E-06,0.01121,88.5306,1.79E-03,1.05E-05,1.46E+00,3.01E-17,6.17E-12,2.88E-12,4.27E-12
3,20.9,7.68E-06,35.85143,1.98129,3.12E-01,6.94838,6.56484,28.2,9.71E-06,0.01048,87.9271,2.20E-03,1.08E-05,1.82E+00,3.12E-17,7.68E-12,2.88E-12,4.27E-12
3,21.2,7.97E-06,35.52884,1.98131,3.93E-01,6.86772,6.58516,28.2,1.01E-05,0.00955,87.1321,2.71E-03,1.13E-05,2.29E+00,3.25E-17,9.66E-12,2.88E-12,4.27E-12
3,21.5,8.26E-06,35.15184,1.98133,4.88E-01,6.77345,6.61024,28.2,1.04E-05,0.00851,86.2031,3.29E-03,1.17E-05,2.84E+00,3.36E-17,1.20E-11,2.88E-12,4.27E-12
3,21.8,8.54E-06,34.72195,1.98136,5.95E-01,6.66595,6.64077,28.2,1.08E-05,0.0074,85.144,3.90E-03,1.21E-05,3.46E+00,3.48E-17,1.46E-11,2.88E-12,4.27E-12
3,22.1,8.80E-06,34.24367,1.98138,7.15E-01,6.54635,6.67739,28.2,1.11E-05,0.00626,83.9659,4.52E-03,1.24E-05,4.16E+00,3.59E-17,1.75E-11,2.88E-12,4.27E-12
3,22.4,9.12E-06,33.54343,1.98142,8.90E-01,6.37126,6.73666,28.2,1.15E-05,0.00477,82.2416,5.29E-03,1.29E-05,5.17E+00,3.72E-17,2.18E-11,2.88E-12,4.27E-12
3,22.7,9.42E-06,32.79239,1.98145,1.08E+00,6.18346,6.80875,28.2,1.19E-05,0.00343,80.393,5.90E-03,1.33E-05,6.26E+00,3.84E-17,2.64E-11,2.88E-12,4.27E-12
3,23,9.74E-06,31.82024,1.9815,1.32E+00,5.94038,6.9173,28.2,1.23E-05,0.00208,78.0014,6.31E-03,1.38E-05,7.66E+00,3.97E-17,3.22E-11,2.88E-12,4.27E-12
3,23.3,1.01E-05,30.68189,1.98154,1.61E+00,5.65575,7.07026,28.2,1.27E-05,0.00103,75.2028,6.17E-03,1.43E-05,9.30E+00,4.11E-17,3.91E-11,2.88E-12,4.27E-12
3,23.4,1.03E-05,29.86911,1.98156,1.81E+00,5.45253,7.18223,28.2,1.30E-05,0.00062,73.2058,5.82E-03,1.45E-05,1.05E+01,4.19E-17,4.40E-11,2.88E-12,4.27E-12
3,23.5,1.04E-05,29.30312,1.98157,1.95E+00,5.31102,7.18315,28.2,1.31E-05,0.00061,71.8151,6.27E-03,1.47E-05,1.13E+01,4.24E-17,4.74E-11,2.88E-12,4.27E-12
3,23.8,1.07E-05,27.8544,1.98161,2.31E+00,4.9488,7.4238,28.2,1.35E-05,0.0002,68.2579,4.86E-03,1.52E-05,1.33E+01,4.37E-17,5.60E-11,2.88E-12,4.27E-12
3,23.9,1.09E-05,26.99763,1.98163,2.53E+00,4.73459,7.61674,28.2,1.37E-05,0.00008,66.1553,3.65E-03,1.54E-05,1.46E+01,4.43E-17,6.11E-11,2.88E-12,4.27E-12
3,24.1,1.10E-05,26.10525,1.98164,2.75E+00,4.51148,7.6183,28.2,1.39E-05,0.00008,63.9642,3.96E-03,1.56E-05,1.58E+01,4.50E-17,6.64E-11,2.88E-12,4.27E-12
3,24.3,1.13E-05,24.10825,1.98167,3.25E+00,4.01221,8.62415,28.2,1.43E-05,0,59.066,5.22E-04,1.61E-05,1.87E+01,4.63E-17,7.81E-11,2.88E-12,4.27E-12
3,24.4,1.14E-05,23.7199,1.98167,3.35E+00,3.91512,9.13863,28.2,1.44E-05,0,58.1136,1.66E-04,1.61E-05,1.92E+01,4.65E-17,8.04E-11,2.88E-12,4.27E-12
3,24.6,1.17E-05,21.25576,1.98171,3.96E+00,3.29904,9.13962,28.2,1.48E-05,0,52.0676,1.96E-04,1.66E-05,2.28E+01,4.78E-17,9.47E-11,2.88E-12,4.27E-12
3,24.9,1.21E-05,18.32977,1.98175,4.70E+00,2.56751,9.1408,28.2,1.52E-05,0,44.8911,2.32E-04,1.71E-05,2.70E+01,4.93E-17,1.11E-10,2.88E-12,4.27E-12
3,25.1,1.24E-05,14.89516,1.9818,5.55E+00,1.7088,9.1422,28.2,1.57E-05,0,36.4707,2.73E-04,1.76E-05,3.19E+01,5.07E-17,1.29E-10,2.88E-12,4.27E-12
3,25.4,1.28E-05,10.98968,1.98186,6.53E+00,0.73238,9.1438,28.2,1.61E-05,0,26.9009,3.20E-04,1.81E-05,3.74E+01,5.22E-17,1.43E-10,2.88E-12,4.27E-12
3,25.6,1.32E-05,8.07639,1.9819,7.26E+00,0.00401,9.145,28.2,1.66E-05,0,19.7656,3.55E-04,1.87E-05,4.15E+01,5.37E-17,7.88E-12,2.88E-12,4.27E-12
3,25.9,1.35E-05,8.06035,1.9819,7.26E+00,0,9.14501,28.2,1.71E-05,0,19.7263,3.55E-04,1.92E-05,4.16E+01,5.53E-17,7.91E-18,2.88E-12,4.27E-12
3,26.1,1.39E-05,8.06035,1.9819,7.26E+00,0,9.14501,28.2,1.76E-05,0,19.7263,3.55E-04,1.98E-05,4.16E+01,5.69E-17,6.13E-20,2.88E-12,4.27E-12
3,26.4,1.44E-05,8.06035,1.9819,7.26E+00,0,9.14501,28.2,1.81E-05,0,19.7263,3.55E-04,2.04E-05,4.16E+01,5.86E-17,1.94E-20,2.88E-12,4.27E-12
3,26.7,1.48E-05,8.06034,1.9819,7.26E+00,0,9.14501,28.2,1.87E-05,0,19.7263,3.55E-04,2.11E-05,4.16E+01,6.06E-17,9.91E-21,2.88E-12,4.27E-12
3,27,1.54E-05,8.06034,1.9819,7.26E+00,0,9.14501,28.2,1.94E-05,0,19.7263,3.55E-04,2.18E-05,4.16E+01,6.28E-17,6.14E-21,2.88E-12,4.27E-12
3,27.3,1.60E-05,8.06034,1.98189,7.26E+00,0,9.14501,28.2,2.02E-05,0,19.7263,3.55E-04,2.27E-05,4.16E+01,6.53E-17,4.19E-21,2.88E-12,4.27E-12
3,27.7,1.66E-05,8.06034,1.98189,7.26E+00,0,9.14501,28.2,2.09E-05,0,19.7263,3.55E-04,2.35E-05,4.16E+01,6.77E-17,3.14E-21,2.88E-12,4.27E-12
3,27.9,1.71E-05,8.06033,1.98189,7.26E+00,0,9.14501,28.2,2.16E-05,0,19.7263,3.55E-04,2.42E-05,4.16E+01,6.98E-17,2.59E-21,2.88E-12,4.27E-12
3,28.2,1.77E-05,8.06033,1.98189,7.26E+00,0,9.14501,28.2,2.23E-05,0,19.7263,3.55E-04,2.51E-05,4.16E+01,7.22E-17,2.14E-21,2.88E-12,4.27E-12
3,28.6,1.84E-05,8.06033,1.98189,7.26E+00,0,9.14501,28.2,2.32E-05,0,19.7263,3.55E-04,2.61E-05,4.16E+01,7.51E-17,1.77E-21,2.88E-12,4.27E-12
3,29,1.92E-05,8.06033,1.98189,7.26E+00,0,9.14501,28.2,2.43E-05,0,19.7263,3.55E-04,2.73E-05,4.16E+01,7.86E-17,1.46E-21,2.88E-12,4.27E-12
3,29.4,2.02E-05,8.06032,1.98189,7.26E+00,0,9.14501,28.2,2.55E-05,0,19.7263,3.55E-04,2.88E-05,4.16E+01,8.28E-17,1.21E-21,2.88E-12,4.27E-12
3,29.7,2.08E-05,8.06032,1.98189,7.26E+00,0,9.14501,28.2,2.63E-05,0,19.7263,3.55E-04,2.96E-05,4.16E+01,8.53E-17,1.10E-21,2.88E-12,4.27E-12
3,29.9,2.15E-05,8.06032,1.98189,7.26E+00,0,9.14501,28.2,2.71E-05,0,19.7262,3.55E-04,3.06E-05,4.16E+01,8.80E-17,9.96E-22,2.88E-12,4.27E-12
3,30.3,2.24E-05,8.06031,1.98189,7.26E+00,0,9.14501,28.2,2.82E-05,0,19.7262,3.55E-04,3.18E-05,4.16E+01,9.16E-17,8.89E-22,2.88E-12,4.27E-12
3,30.6,2.32E-05,8.06031,1.98189,7.26E+00,0,9.14501,28.2,2.93E-05,0,19.7262,3.55E-04,3.30E-05,4.16E+01,9.50E-17,8.08E-22,2.88E-12,4.27E-12
3,31,2.41E-05,8.06031,1.98189,7.26E+00,0,9.14501,28.2,3.04E-05,0,19.7262,3.55E-04,3.44E-05,4.16E+01,9.89E-17,7.35E-22,2.88E-12,4.27E-12
3,31.3,2.52E-05,8.0603,1.98189,7.26E+00,0,9.14501,28.2,3.18E-05,0,19.7262,3.55E-04,3.58E-05,4.16E+01,1.03E-16,6.68E-22,2.88E-12,4.27E-12
3,31.7,2.63E-05,8.0603,1.98188,7.26E+00,0,9.14501,28.2,3.32E-05,0,19.7262,3.55E-04,3.75E-05,4.16E+01,1.08E-16,6.07E-22,2.88E-12,4.27E-12
3,32.1,2.76E-05,8.06029,1.98188,7.26E+00,0,9.14501,28.2,3.49E-05,0,19.7262,3.55E-04,3.94E-05,4.16E+01,1.13E-16,5.51E-22,2.88E-12,4.27E-12
3,32.6,2.91E-05,8.06029,1.98188,7.26E+00,0,9.14501,28.2,3.67E-05,0,19.7262,3.55E-04,4.16E-05,4.16E+01,1.20E-16,5.01E-22,2.88E-12,4.27E-12
3,33.1,3.08E-05,8.06028,1.98188,7.26E+00,0,9.14501,28.2,3.89E-05,0,19.7262,3.55E-04,4.40E-05,4.16E+01,1.27E-16,4.55E-22,2.88E-12,4.27E-12
3,33.6,3.26E-05,8.06027,1.98188,7.26E+00,0,9.14501,28.2,4.12E-05,0,19.7261,3.55E-04,4.66E-05,4.16E+01,1.34E-16,4.16E-22,2.88E-12,4.27E-12
3,34.1,3.45E-05,8.06026,1.98188,7.26E+00,0,9.14501,28.2,4.36E-05,0,19.7261,3.55E-04,4.94E-05,4.16E+01,1.42E-16,3.82E-22,2.88E-12,4.27E-12
3,34.6,3.66E-05,8.06026,1.98187,7.26E+00,0,9.14501,28.2,4.62E-05,0,19.7261,3.55E-04,5.24E-05,4.16E+01,1.51E-16,3.52E-22,2.88E-12,4.27E-12
3,35,3.83E-05,8.06025,1.98187,7.26E+00,0,9.14501,28.2,4.84E-05,0,19.7261,3.55E-04,5.49E-05,4.16E+01,1.58E-16,3.31E-22,2.88E-12,4.27E-12
3,35.5,4.06E-05,8.06024,1.98187,7.26E+00,0,9.14501,28.2,5.12E-05,0,19.7261,3.55E-04,5.82E-05,4.16E+01,1.67E-16,3.08E-22,2.88E-12,4.27E-12
3,36,4.30E-05,8.06023,1.98187,7.26E+00,0,9.14501,28.2,5.43E-05,0,19.726,3.55E-04,6.17E-05,4.16E+01,1.78E-16,2.87E-22,2.88E-12,4.27E-12
3,36.5,4.56E-05,8.06022,1.98187,7.26E+00,0,9.14501,28.2,5.75E-05,0,19.726,3.55E-04,6.54E-05,4.16E+01,1.88E-16,2.69E-22,2.88E-12,4.27E-12
3,37,4.83E-05,8.06021,1.98186,7.26E+00,0,9.14501,28.2,6.09E-05,0,19.726,3.55E-04,6.93E-05,4.16E+01,1.99E-16,2.53E-22,2.88E-12,4.27E-12
3,37.5,5.11E-05,8.0602,1.98186,7.26E+00,0,9.14501,28.2,6.45E-05,0,19.726,3.55E-04,7.34E-05,4.16E+01,2.11E-16,2.38E-22,2.88E-12,4.27E-12
3,38,5.42E-05,8.06019,1.98186,7.26E+00,0,9.14501,28.2,6.84E-05,0,19.7259,3.55E-04,7.78E-05,4.16E+01,2.24E-16,2.25E-22,2.88E-12,4.27E-12
3,38.5,5.74E-05,8.06017,1.98185,7.26E+00,0,9.14501,28.2,7.24E-05,0,19.7259,3.55E-04,8.25E-05,4.16E+01,2.37E-16,2.13E-22,2.88E-12,4.27E-12
3,39,6.08E-05,8.06016,1.98185,7.26E+00,0,9.14501,28.2,7.67E-05,0,19.7259,3.55E-04,8.74E-05,4.16E+01,2.52E-16,2.02E-22,2.88E-12,4.27E-12
3,39.5,6.44E-05,8.06015,1.98185,7.26E+00,0,9.14501,28.2,8.13E-05,0,19.7258,3.55E-04,9.26E-05,4.16E+01,2.67E-16,1.92E-22,2.88E-12,4.27E-12
3,40,6.82E-05,8.06013,1.98184,7.26E+00,0,9.14501,28.2,8.61E-05,0,19.7258,3.55E-04,9.82E-05,4.16E+01,2.83E-16,1.83E-22,2.88E-12,4.27E-12
3,40.5,7.23E-05,8.06011,1.98184,7.26E+00,0,9.14501,28.2,9.12E-05,0,19.7258,3.55E-04,1.04E-04,4.16E+01,3.00E-16,1.75E-22,2.88E-12,4.27E-12
3,41,7.66E-05,8.0601,1.98183,7.26E+00,0,9.14501,28.2,9.67E-05,0,19.7257,3.55E-04,1.10E-04,4.16E+01,3.17E-16,1.67E-22,2.88E-12,4.27E-12
3,41.5,8.11E-05,8.06008,1.98183,7.26E+00,0,9.14501,28.2,1.02E-04,0,19.7257,3.55E-04,1.17E-04,4.16E+01,3.36E-16,1.60E-22,2.88E-12,4.27E-12
3,42,8.60E-05,8.06006,1.98182,7.26E+00,0,9.14501,28.2,1.09E-04,0,19.7256,3.55E-04,1.24E-04,4.16E+01,3.57E-16,1.53E-22,2.88E-12,4.27E-12
3,42.5,9.11E-05,8.06004,1.98182,7.26E+00,0,9.14501,28.2,1.15E-04,0,19.7256,3.55E-04,1.31E-04,4.16E+01,3.78E-16,1.47E-22,2.88E-12,4.27E-12
3,43,9.65E-05,8.06002,1.98181,7.26E+00,0,9.14501,28.2,1.22E-04,0,19.7255,3.55E-04,1.39E-04,4.16E+01,4.01E-16,1.41E-22,2.88E-12,4.27E-12
3,43.5,1.02E-04,8.05999,1.98181,7.26E+00,0,9.14501,28.2,1.29E-04,0,19.7255,3.55E-04,1.47E-04,4.16E+01,4.25E-16,1.36E-22,2.88E-12,4.27E-12
3,44,1.08E-04,8.05997,1.9818,7.26E+00,0,9.14501,28.2,1.37E-04,0,19.7254,3.55E-04,1.56E-04,4.16E+01,4.50E-16,1.31E-22,2.88E-12,4.27E-12
3,44.5,1.15E-04,8.05994,1.9818,7.26E+00,0,9.14501,28.2,1.45E-04,0,19.7253,3.55E-04,1.66E-04,4.16E+01,4.77E-16,1.26E-22,2.88E-12,4.27E-12
3,45,1.22E-04,8.05992,1.98179,7.26E+00,0,9.14501,28.2,1.54E-04,0,19.7253,3.55E-04,1.76E-04,4.16E+01,5.05E-16,1.22E-22,2.88E-12,4.27E-12
3,45.5,1.29E-04,8.05989,1.98178,7.26E+00,0,9.14501,28.2,1.63E-04,0,19.7252,3.55E-04,1.86E-04,4.16E+01,5.36E-16,1.17E-22,2.88E-12,4.27E-12
3,46,1.37E-04,8.05986,1.98177,7.26E+00,0,9.14501,28.2,1.72E-04,0,19.7251,3.55E-04,1.97E-04,4.16E+01,5.68E-16,1.14E-22,2.88E-12,4.27E-12
3,46.5,1.45E-04,8.05982,1.98177,7.26E+00,0,9.14501,28.2,1.83E-04,0,19.725,3.55E-04,2.09E-04,4.16E+01,6.02E-16,1.10E-22,2.88E-12,4.27E-12
3,47,1.53E-04,8.05979,1.98176,7.26E+00,0,9.14501,28.2,1.94E-04,0,19.725,3.55E-04,2.22E-04,4.16E+01,6.38E-16,1.06E-22,2.88E-12,4.27E-12
3,47.5,1.63E-04,8.05975,1.98175,7.26E+00,0,9.14501,28.2,2.05E-04,0,19.7249,3.55E-04,2.35E-04,4.16E+01,6.76E-16,1.03E-22,2.88E-12,4.27E-12
3,48,1.72E-04,8.05971,1.98174,7.26E+00,0,9.14501,28.2,2.17E-04,0,19.7248,3.55E-04,2.49E-04,4.16E+01,7.16E-16,9.99E-23,2.88E-12,4.27E-12
3,48.5,1.83E-04,8.05967,1.98173,7.26E+00,0,9.14501,28.2,2.30E-04,0,19.7247,3.55E-04,2.64E-04,4.16E+01,7.59E-16,9.70E-23,2.88E-12,4.27E-12
3,49,1.94E-04,8.05963,1.98172,7.26E+00,0,9.14501,28.2,2.44E-04,0,19.7246,3.55E-04,2.80E-04,4.16E+01,8.05E-16,9.42E-23,2.88E-12,4.27E-12
3,49.5,2.05E-04,8.05958,1.98171,7.26E+00,0,9.14501,28.2,2.59E-04,0,19.7245,3.55E-04,2.96E-04,4.16E+01,8.53E-16,9.15E-23,2.88E-12,4.27E-12
3,50,2.17E-04,8.05953,1.98169,7.26E+00,0,9.14501,28.2,2.74E-04,0,19.7243,3.55E-04,3.14E-04,4.16E+01,9.04E-16,8.90E-23,2.88E-12,4.27E-12
4,0,7.91E-07,37.10107,1.98128,2.81E-08,7.2608,6.10086,28.2,1.00E-06,0.0243,91,2.62E-10,1.00E-06,1.00E-06,2.88E-22,4.22E-22,2.88E-16,4.27E-16
4,0.5,7.91E-07,37.10107,1.98128,2.81E-08,7.2608,6.10086,28.2,1.00E-06,0.0243,91,2.62E-10,1.00E-06,1.00E-06,2.88E-22,4.22E-22,2.88E-16,4.27E-16
4,1,7.91E-07,37.10107,1.98128,2.81E-08,7.2608,6.10086,28.2,1.00E-06,0.0243,91,2.62E-10,1.00E-06,1.00E-06,2.88E-22,4.22E-22,2.88E-16,4.27E-16
4,1.5,7.91E-07,37.10107,1.98128,2.81E-08,7.2608,6.10086,28.2,1.00E-06,0.0243,91,2.62E-10,1.00E-06,1.00E-06,2.88E-22,4.22E-22,2.88E-16,4.27E-16
4,2,7.91E-07,37.10107,1.98128,2.81E-08,7.2608,6.10086,28.2,1.00E-06,0.0243,91,2.62E-10,1.00E-06,1.00E-06,2.88E-22,4.22E-22,2.88E-16,4.27E-16
4,2.5,7.91E-07,37.10107,1.98128,2.82E-08,7.2608,6.10086,28.2,1.00E-06,0.0243,91,2.63E-10,1.00E-06,1.00E-06,2.88E-22,4.22E-22,2.88E-16,4.27E-16
4,3,7.91E-07,37.10107,1.98128,2.82E-08,7.2608,6.10086,28.2,1.00E-06,0.0243,91,2.63E-10,1.00E-06,1.00E-06,2.88E-22,4.22E-22,2.88E-16,4.27E-16
4,3.5,7.91E-07,37.10107,1.98128,2.82E-08,7.2608,6.10086,28.2,1.00E-06,0.0243,91,2.63E-10,1.00E-06,1.00E-06,2.88E-22,4.22E-22,2.88E-16,4.27E-16
4,4,7.91E-07,37.10107,1.98128,2.82E-08,7.2608,6.10086,28.2,1.00E-06,0.0243,91,2.63E-10,1.00E-06,1.00E-06,2.88E-22,4.22E-22,2.88E-16,4.27E-16
4,4.5,7.91E-07,37.10107,1.98128,2.82E-08,7.2608,6.10086,28.2,1.00E-06,0.0243,91,2.63E-10,1.00E-06,1.00E-06,2.88E-22,4.22E-22,2.88E-16,4.27E-16
4,5,7.91E-07,37.10107,1.98128,2.82E-08,7.2608,6.10086,28.2,1.00E-06,0.0243,91,2.63E-10,1.00E-06,1.00E-06,2.88E-22,4.22E-22,2.88E-16,4.27E-16
4,5.5,7.91E-07,37.10107,1.98128,2.82E-08,7.2608,6.10086,28.2,1.00E-06,0.0243,91,2.63E-10,1.00E-06,1.00E-06,2.88E-22,4.22E-22,2.88E-16,4.27E-16
4,6,7.91E-07,37.10107,1.98128,2.82E-08,7.2608,6.10086,28.2,1.00E-06,0.0243,91,2.63E-10,1.00E-06,1.00E-06,2.88E-22,4.22E-22,2.88E-16,4.27E-16
4,6.5,7.91E-07,37.10107,1.98128,2.82E-08,7.2608,6.10086,28.2,1.00E-06,0.0243,91,2.63E-10,1.00E-06,1.00E-06,2.88E-22,4.22E-22,2.88E-16,4.27E-16
4,7,7.91E-07,37.10107,1.98128,2.82E-08,7.2608,6.10086,28.2,1.00E-06,0.0243,91,2.63E-10,1.00E-06,1.00E-06,2.88E-22,4.22E-22,2.88E-16,4.27E-16
4,7.5,7.91E-07,37.10107,1.98128,2.82E-08,7.2608,6.10086,28.2,1.00E-06,0.0243,91,2.63E-10,1.00E-06,1.00E-06,2.88E-22,4.22E-22,2.88E-16,4.27E-16
4,8,7.91E-07,37.10107,1.98128,2.82E-08,7.2608,6.10086,28.2,1.00E-06,0.0243,91,2.63E-10,1.00E-06,1.00E-06,2.88E-22,4.22E-22,2.88E-16,4.27E-16
4,8.5,7.91E-07,37.10107,1.98128,2.82E-08,7.2608,6.10086,28.2,1.00E-06,0.0243,91,2.63E-10,1.00E-06,1.00E-06,2.88E-22,4.22E-22,2.88E-16,4.27E-16
4,9,7.91E-07,37.10107,1.98128,2.82E-08,7.2608,6.10086,28.2,1.00E-06,0.0243,91,2.63E-10,1.00E-06,1.00E-06,2.88E-22,4.22E-22,2.88E-16,4.27E-16
4,9.5,7.91E-07,37.10107,1.98128,2.82E-08,7.2608,6.10086,28.2,1.00E-06,0.0243,91,2.63E-10,1.00E-06,1.00E-06,2.88E-22,4.22E-22,2.88E-16,4.27E-16
4,10,7.91E-07,37.10107,1.98128,2.82E-08,7.2608,6.10086,28.2,1.00E-06,0.0243,91,2.63E-10,1.00E-06,1.00E-06,2.88E-22,4.22E-22,2.88E-16,4.27E-16
4,10.5,7.91E-07,37.10107,1.98128,2.82E-08,7.2608,6.10086,28.2,1.00E-06,0.0243,91,2.63E-10,1.00E-06,1.00E-06,2.88E-22,4.22E-22,2.88E-16,4.27E-16
4,11,7.91E-07,37.10107,1.98128,2.83E-08,7.2608,6.10086,28.2,1.00E-06,0.0243,91,2.63E-10,1.00E-06,1.00E-06,2.88E-22,4.22E-22,2.88E-16,4.27E-16
4,11.5,7.91E-07,37.10107,1.98128,2.83E-08,7.2608,6.10086,28.2,1.00E-06,0.0243,91,2.64E-10,1.00E-06,1.00E-06,2.88E-22,4.22E-22,2.88E-16,4.27E-16
4,12,7.91E-07,37.10107,1.98128,2.83E-08,7.2608,6.10086,28.2,1.00E-06,0.0243,91,2.64E-10,1.00E-06,1.00E-06,2.88E-22,4.22E-22,2.88E-16,4.27E-16
4,12.5,7.91E-07,37.10107,1.98128,2.83E-08,7.2608,6.10086,28.2,1.00E-06,0.0243,91,2.64E-10,1.00E-06,1.00E-06,2.88E-22,4.22E-22,2.88E-16,4.27E-16
4,13,7.91E-07,37.10107,1.98128,2.83E-08,7.2608,6.10086,28.2,1.00E-06,0.0243,91,2.64E-10,1.00E-06,1.00E-06,2.88E-22,4.22E-22,2.88E-16,4.27E-16
4,13.5,7.91E-07,37.10107,1.98128,2.83E-08,7.2608,6.10086,28.2,1.00E-06,0.0243,91,2.64E-10,1.00E-06,1.00E-06,2.88E-22,4.22E-22,2.88E-16,4.27E-16
4,14,7.91E-07,37.10107,1.98128,2.83E-08,7.2608,6.10086,28.2,1.00E-06,0.0243,91,2.64E-10,1.00E-06,1.00E-06,2.88E-22,4.22E-22,2.88E-16,4.27E-16
4,14.5,7.91E-07,37.10107,1.98128,2.83E-08,7.2608,6.10086,28.2,1.00E-06,0.0243,91,2.64E-10,1.00E-06,1.00E-06,2.88E-22,4.22E-22,2.88E-16,4.27E-16
4,15,7.91E-07,37.10107,1.98128,2.83E-08,7.2608,6.10086,28.2,1.00E-06,0.0243,91,2.64E-10,1.00E-06,1.00E-06,2.88E-22,4.22E-22,2.88E-16,4.27E-16
4,15.5,7.91E-07,37.10107,1.98128,2.83E-08,7.2608,6.10086,28.2,1.00E-06,0.0243,91,2.64E-10,1.00E-06,1.00E-06,2.88E-22,4.22E-22,2.88E-16,4.27E-16
4,16,7.91E-07,37.10107,1.98128,2.83E-08,7.2608,6.10086,28.2,1.00E-06,0.0243,91,2.64E-10,1.00E-06,1.00E-06,2.88E-22,4.22E-22,2.88E-16,4.27E-16
4,16.5,7.91E-07,37.10107,1.98128,2.83E-08,7.2608,6.10086,28.2,1.00E-06,0.0243,91,2.64E-10,1.00E-06,1.00E-06,2.88E-22,4.22E-22,2.88E-16,4.27E-16
4,17,7.91E-07,37.10107,1.98128,2.83E-08,7.2608,6.10086,28.2,1.00E-06,0.0243,91,2.64E-10,1.00E-06,1.00E-06,2.88E-22,4.22E-22,2.88E-16,4.27E-16
4,17.5,7.91E-07,37.10107,1.98128,2.83E-08,7.2608,6.10086,28.2,1.00E-06,0.0243,91,2.64E-10,1.00E-06,1.00E-06,2.88E-22,4.22E-22,2.88E-16,4.27E-16
4,18,7.91E-07,37.10107,1.98128,2.83E-08,7.2608,6.10086,28.2,1.00E-06,0.0243,91,2.64E-10,1.00E-06,1.00E-06,2.88E-22,4.22E-22,2.88E-16,4.27E-16
4,18.5,7.91E-07,37.10107,1.98128,2.83E-08,7.2608,6.10086,28.2,1.00E-06,0.0243,91,2.64E-10,1.00E-06,1.00E-06,2.88E-22,4.22E-22,2.88E-16,4.27E-16
4,19,7.91E-07,37.10107,1.98128,2.83E-08,7.2608,6.10086,28.2,1.00E-06,0.0243,91,2.64E-10,1.00E-06,1.00E-06,2.88E-22,4.23E-22,2.88E-16,4.27E-16
4,19.5,7.91E-07,37.10107,1.98128,2.84E-08,7.2608,6.10086,28.2,1.00E-06,0.0243,91,2.64E-10,1.00E-06,1.00E-06,2.88E-22,4.23E-22,2.88E-16,4.27E-16
4,20,7.91E-07,37.10107,1.98128,2.84E-08,7.2608,6.10086,28.2,1.00E-06,0.0243,91,2.64E-10,1.00E-06,1.00E-06,2.88E-22,4.23E-22,2.88E-16,4.27E-16
4,20.5,7.91E-07,37.10107,1.98128,2.84E-08,7.2608,6.10086,28.2,1.00E-06,0.0243,91,2.65E-10,1.00E-06,1.00E-06,2.88E-22,4.23E-22,2.88E-16,4.27E-16
4,21,7.91E-07,37.10107,1.98128,2.84E-08,7.2608,6.10086,28.2,1.00E-06,0.0243,91,2.65E-10,1.00E-06,1.00E-06,2.88E-22,4.23E-22,2.88E-16,4.27E-16
4,21.5,7.91E-07,37.10107,1.98128,2.84E-08,7.2608,6.10086,28.2,1.00E-06,0.0243,91,2.65E-10,1.00E-06,1.00E-06,2.88E-22,4.23E-22,2.88E-16,4.27E-16
4,22,7.91E-07,37.10107,1.98128,2.84E-08,7.2608,6.10086,28.2,1.00E-06,0.0243,91,2.65E-10,1.00E-06,1.00E-06,2.88E-22,4.23E-22,2.88E-16,4.27E-16
4,22.5,7.91E-07,37.10107,1.98128,2.84E-08,7.2608,6.10086,28.2,1.00E-06,0.0243,91,2.65E-10,1.00E-06,1.00E-06,2.88E-22,4.23E-22,2.88E-16,4.27E-16
4,23,7.91E-07,37.10107,1.98128,2.84E-08,7.2608,6.10086,28.2,1.00E-06,0.0243,91,2.65E-10,1.00E-06,1.00E-06,2.88E-22,4.23E-22,2.88E-16,4.27E-16
4,23.5,7.91E-07,37.10107,1.98128,2.84E-08,7.2608,6.10086,28.2,1.00E-06,0.0243,91,2.65E-10,1.00E-06,1.00E-06,2.88E-22,4.23E-22,2.88E-16,4.27E-16
4,24,7.91E-07,37.10107,1.98128,2.84E-08,7.2608,6.10086,28.2,1.00E-06,0.0243,91,2.65E-10,1.00E-06,1.00E-06,2.88E-22,4.23E-22,2.88E-16,4.27E-16
4,24.5,7.91E-07,37.10107,1.98128,2.84E-08,7.2608,6.10086,28.2,1.00E-06,0.0243,91,2.65E-10,1.00E-06,1.00E-06,2.88E-22,4.23E-22,2.88E-16,4.27E-16
4,25,7.91E-07,37.10107,1.98128,2.84E-08,7.2608,6.10086,28.2,1.00E-06,0.0243,91,2.65E-10,1.00E-06,1.00E-06,2.88E-22,4.23E-22,2.88E-16,4.27E-16
4,25.5,7.91E-07,37.10107,1.98128,2.84E-08,7.2608,6.10086,28.2,1.00E-06,0.0243,91,2.65E-10,1.00E-06,1.00E-06,2.88E-22,4.23E-22,2.88E-16,4.27E-16
4,26,7.91E-07,37.10107,1.98128,2.84E-08,7.2608,6.10086,28.2,1.00E-06,0.0243,91,2.65E-10,1.00E-06,1.00E-06,2.88E-22,4.23E-22,2.88E-16,4.27E-16
4,26.5,7.91E-07,37.10107,1.98128,2.84E-08,7.2608,6.10086,28.2,1.00E-06,0.0243,91,2.65E-10,1.00E-06,1.00E-06,2.88E-22,4.23E-22,2.88E-16,4.27E-16
4,27,7.91E-07,37.10107,1.98128,2.84E-08,7.2608,6.10086,28.2,1.00E-06,0.0243,91,2.65E-10,1.00E-06,1.00E-06,2.88E-22,4.23E-22,2.88E-16,4.27E-16
4,27.5,7.91E-07,37.10107,1.98128,2.84E-08,7.2608,6.10086,28.2,1.00E-06,0.0243,91,2.65E-10,1.00E-06,1.00E-06,2.88E-22,4.23E-22,2.88E-16,4.27E-16
4,28,7.91E-07,37.10107,1.98128,2.84E-08,7.2608,6.10086,28.2,1.00E-06,0.0243,91,2.65E-10,1.00E-06,1.00E-06,2.88E-22,4.23E-22,2.88E-16,4.27E-16
4,28.5,7.91E-07,37.10107,1.98128,2.85E-08,7.2608,6.10086,28.2,1.00E-06,0.0243,91,2.65E-10,1.00E-06,1.00E-06,2.88E-22,4.23E-22,2.88E-16,4.27E-16
4,29,7.91E-07,37.10107,1.98128,2.85E-08,7.2608,6.10086,28.2,1.00E-06,0.0243,91,2.65E-10,1.00E-06,1.00E-06,2.88E-22,4.23E-22,2.88E-16,4.27E-16
4,29.5,7.91E-07,37.10107,1.98128,2.85E-08,7.2608,6.10086,28.2,1.00E-06,0.0243,91,2.65E-10,1.00E-06,1.00E-06,2.88E-22,4.23E-22,2.88E-16,4.27E-16
4,30,7.91E-07,37.10107,1.98128,2.85E-08,7.2608,6.10086,28.2,1.00E-06,0.0243,91,2.66E-10,1.00E-06,1.00E-06,2.88E-22,4.23E-22,2.88E-16,4.27E-16
4,30.5,7.91E-07,37.10107,1.98128,2.85E-08,7.2608,6.10086,28.2,1.00E-06,0.0243,91,2.66E-10,1.00E-06,1.00E-06,2.88E-22,4.23E-22,2.88E-16,4.27E-16
4,31,7.91E-07,37.10107,1.98128,2.85E-08,7.2608,6.10086,28.2,1.00E-06,0.0243,91,2.66E-10,1.00E-06,1.00E-06,2.88E-22,4.23E-22,2.88E-16,4.27E-16
4,31.5,7.91E-07,37.10107,1.98128,2.85E-08,7.2608,6.10086,28.2,1.00E-06,0.0243,91,2.66E-10,1.00E-06,1.00E-06,2.88E-22,4.23E-22,2.88E-16,4.27E-16
4,32,7.91E-07,37.10107,1.98128,2.85E-08,7.2608,6.10086,28.2,1.00E-06,0.0243,91,2.66E-10,1.00E-06,1.00E-06,2.88E-22,4.23E-22,2.88E-16,4.27E-16
4,32.5,7.91E-07,37.10107,1.98128,2.85E-08,7.2608,6.10086,28.2,1.00E-06,0.0243,91,2.66E-10,1.00E-06,1.00E-06,2.88E-22,4.23E-22,2.88E-16,4.27E-16
4,33,7.91E-07,37.10107,1.98128,2.85E-08,7.2608,6.10086,28.2,1.00E-06,0.0243,91,2.66E-10,1.00E-06,1.00E-06,2.88E-22,4.23E-22,2.88E-16,4.27E-16
4,33.5,7.91E-07,37.10107,1.98128,2.85E-08,7.2608,6.10086,28.2,1.00E-06,0.0243,91,2.66E-10,1.00E-06,1.00E-06,2.88E-22,4.23E-22,2.88E-16,4.27E-16
4,34,7.91E-07,37.10107,1.98128,2.85E-08,7.2608,6.10086,28.2,1.00E-06,0.0243,91,2.66E-10,1.00E-06,1.00E-06,2.88E-22,4.23E-22,2.88E-16,4.27E-16
4,34.5,7.91E-07,37.10107,1.98128,2.85E-08,7.2608,6.10086,28.2,1.00E-06,0.0243,91,2.66E-10,1.00E-06,1.00E-06,2.88E-22,4.23E-22,2.88E-16,4.27E-16
4,35,7.91E-07,37.10107,1.98128,2.85E-08,7.2608,6.10086,28.2,1.00E-06,0.0243,91,2.66E-10,1.00E-06,1.00E-06,2.88E-22,4.23E-22,2.88E-16,4.27E-16
4,35.5,7.91E-07,37.10107,1.98128,2.85E-08,7.2608,6.10086,28.2,1.00E-06,0.0243,91,2.66E-10,1.00E-06,1.00E-06,2.88E-22,4.23E-22,2.88E-16,4.27E-16
4,36,7.91E-07,37.10107,1.98128,2.85E-08,7.2608,6.10086,28.2,1.00E-06,0.0243,91,2.66E-10,1.00E-06,1.00E-06,2.88E-22,4.23E-22,2.88E-16,4.27E-16
4,36.5,7.91E-07,37.10107,1.98128,2.85E-08,7.2608,6.10086,28.2,1.00E-06,0.0243,91,2.66E-10,1.00E-06,1.00E-06,2.88E-22,4.23E-22,2.88E-16,4.27E-16
4,37,7.91E-07,37.10107,1.98128,2.86E-08,7.2608,6.10086,28.2,1.00E-06,0.0243,91,2.66E-10,1.00E-06,1.00E-06,2.88E-22,4.23E-22,2.88E-16,4.27E-16
4,37.5,7.91E-07,37.10107,1.98128,2.86E-08,7.2608,6.10086,28.2,1.00E-06,0.0243,91,2.66E-10,1.00E-06,1.00E-06,2.88E-22,4.23E-22,2.88E-16,4.27E-16
4,38,7.91E-07,37.10107,1.98128,2.86E-08,7.2608,6.10086,28.2,1.00E-06,0.0243,91,2.66E-10,1.00E-06,1.00E-06,2.88E-22,4.23E-22,2.88E-16,4.27E-16
4,38.5,7.91E-07,37.10107,1.98128,2.86E-08,7.2608,6.10086,28.2,1.00E-06,0.0243,91,2.66E-10,1.00E-06,1.00E-06,2.88E-22,4.23E-22,2.88E-16,4.27E-16
4,39,7.91E-07,37.10107,1.98128,2.86E-08,7.2608,6.10086,28.2,1.00E-06,0.0243,91,2.67E-10,1.00E-06,1.00E-06,2.88E-22,4.23E-22,2.88E-16,4.27E-16
4,39.5,7.91E-07,37.10107,1.98128,2.86E-08,7.2608,6.10086,28.2,1.00E-06,0.0243,91,2.67E-10,1.00E-06,1.00E-06,2.88E-22,4.23E-22,2.88E-16,4.27E-16
4,40,7.91E-07,37.10107,1.98128,2.86E-08,7.2608,6.10086,28.2,1.00E-06,0.0243,91,2.67E-10,1.00E-06,1.00E-06,2.88E-22,4.23E-22,2.88E-16,4.27E-16
4,40.5,7.91E-07,37.10107,1.98128,2.86E-08,7.2608,6.10086,28.2,1.00E-06,0.0243,91,2.67E-10,1.00E-06,1.00E-06,2.88E-22,4.23E-22,2.88E-16,4.27E-16
4,41,7.91E-07,37.10107,1.98128,2.86E-08,7.2608,6.10086,28.2,1.00E-06,0.0243,91,2.67E-10,1.00E-06,1.00E-06,2.88E-22,4.23E-22,2.88E-16,4.27E-16
4,41.5,7.91E-07,37.10107,1.98128,2.86E-08,7.2608,6.10086,28.2,1.00E-06,0.0243,91,2.67E-10,1.00E-06,1.00E-06,2.88E-22,4.23E-22,2.88E-16,4.27E-16
4,42,7.91E-07,37.10107,1.98128,2.86E-08,7.2608,6.10086,28.2,1.00E-06,0.0243,91,2.67E-10,1.00E-06,1.00E-06,2.88E-22,4.23E-22,2.88E-16,4.27E-16
4,42.5,7.91E-07,37.10107,1.98128,2.86E-08,7.2608,6.10086,28.2,1.00E-06,0.0243,91,2.67E-10,1.00E-06,1.00E-06,2.88E-22,4.23E-22,2.88E-16,4.27E-16
4,43,7.91E-07,37.10107,1.98128,2.86E-08,7.2608,6.10086,28.2,1.00E-06,0.0243,91,2.67E-10,1.00E-06,1.00E-06,2.88E-22,4.23E-22,2.88E-16,4.27E-16
4,43.5,7.91E-07,37.10107,1.98128,2.86E-08,7.2608,6.10086,28.2,1.00E-06,0.0243,91,2.67E-10,1.00E-06,1.00E-06,2.88E-22,4.23E-22,2.88E-16,4.27E-16
4,44,7.91E-07,37.10107,1.98128,2.86E-08,7.2608,6.10086,28.2,1.00E-06,0.0243,91,2.67E-10,1.00E-06,1.00E-06,2.88E-22,4.23E-22,2.88E-16,4.27E-16
4,44.5,7.91E-07,37.10107,1.98128,2.86E-08,7.2608,6.10086,28.2,1.00E-06,0.0243,91,2.67E-10,1.00E-06,1.00E-06,2.88E-22,4.23E-22,2.88E-16,4.27E-16
4,45,7.91E-07,37.10107,1.98128,2.86E-08,7.2608,6.10086,28.2,1.00E-06,0.0243,91,2.67E-10,1.00E-06,1.00E-06,2.88E-22,4.23E-22,2.88E-16,4.27E-16
4,45.5,7.91E-07,37.10107,1.98128,2.87E-08,7.2608,6.10086,28.2,1.00E-06,0.0243,91,2.67E-10,1.00E-06,1.00E-06,2.88E-22,4.23E-22,2.88E-16,4.27E-16
4,46,7.91E-07,37.10107,1.98128,2.87E-08,7.2608,6.10086,28.2,1.00E-06,0.0243,91,2.67E-10,1.00E-06,1.00E-06,2.88E-22,4.23E-22,2.88E-16,4.27E-16
4,46.5,7.91E-07,37.10107,1.98128,2.87E-08,7.2608,6.10086,28.2,1.00E-06,0.0243,91,2.67E-10,1.00E-06,1.00E-06,2.88E-22,4.23E-22,2.88E-16,4.27E-16
4,47,7.91E-07,37.10107,1.98128,2.87E-08,7.2608,6.10086,28.2,1.00E-06,0.0243,91,2.67E-10,1.00E-06,1.00E-06,2.88E-22,4.23E-22,2.88E-16,4.27E-16
4,47.5,7.91E-07,37.10107,1.98128,2.87E-08,7.2608,6.10086,28.2,1.00E-06,0.0243,91,2.67E-10,1.00E-06,1.00E-06,2.88E-22,4.23E-22,2.88E-16,4.27E-16
4,48,7.91E-07,37.10107,1.98128,2.87E-08,7.2608,6.10086,28.2,1.00E-06,0.0243,91,2.68E-10,1.00E-06,1.00E-06,2.88E-22,4.23E-22,2.88E-16,4.27E-16
4,48.5,7.91E-07,37.10107,1.98128,2.87E-08,7.2608,6.10086,28.2,1.00E-06,0.0243,91,2.68E-10,1.00E-06,1.00E-06,2.88E-22,4.23E-22,2.88E-16,4.27E-16
4,49,7.91E-07,37.10107,1.98128,2.87E-08,7.2608,6.10086,28.2,1.00E-06,0.0243,91,2.68E-10,1.00E-06,1.00E-06,2.88E-22,4.23E-22,2.88E-16,4.27E-16
4,49.5,7.91E-07,37.10107,1.98128,2.87E-08,7.2608,6.10086,28.2,1.00E-06,0.0243,91,2.68E-10,1.00E-06,1.00E-06,2.88E-22,4.23E-22,2.88E-16,4.27E-16
4,50,7.91E-07,37.10107,1.98128,2.87E-08,7.2608,6.10086,28.2,1.00E-06,0.0243,91,2.68E-10,1.00E-06,1.00E-06,2.88E-22,4.23E-22,2.88E-16,4.27E-16
5,0,7.91E-07,37.10107,1.98128,2.81E-08,7.2608,6.10086,,1.00E-06,0.0243,91,2.62E-10,1.00E-06,1.00E-06,2.88E-21,4.22E-21,2.88E-15,4.27E-15
5,0.5,7.91E-07,37.10107,1.98128,2.82E-08,7.2608,6.10086,,1.00E-06,0.0243,91,2.63E-10,1.00E-06,1.00E-06,2.88E-21,4.22E-21,2.88E-15,4.27E-15
5,1,7.91E-07,37.10107,1.98128,2.82E-08,7.2608,6.10086,,1.00E-06,0.0243,91,2.63E-10,1.00E-06,1.00E-06,2.88E-21,4.22E-21,2.88E-15,4.27E-15
5,1.5,7.91E-07,37.10107,1.98128,2.83E-08,7.2608,6.10086,,1.00E-06,0.0243,91,2.64E-10,1.00E-06,1.00E-06,2.88E-21,4.22E-21,2.88E-15,4.27E-15
5,2,7.91E-07,37.10107,1.98128,2.84E-08,7.2608,6.10086,,1.00E-06,0.0243,91,2.64E-10,1.00E-06,1.00E-06,2.88E-21,4.23E-21,2.88E-15,4.27E-15
5,2.5,7.91E-07,37.10107,1.98128,2.84E-08,7.2608,6.10086,,1.00E-06,0.0243,91,2.65E-10,1.00E-06,1.00E-06,2.88E-21,4.23E-21,2.88E-15,4.27E-15
5,3,7.91E-07,37.10107,1.98128,2.85E-08,7.2608,6.10086,,1.00E-06,0.0243,91,2.66E-10,1.00E-06,1.00E-06,2.88E-21,4.23E-21,2.88E-15,4.27E-15
5,3.5,7.91E-07,37.10107,1.98128,2.85E-08,7.2608,6.10086,,1.00E-06,0.0243,91,2.66E-10,1.00E-06,1.00E-06,2.88E-21,4.23E-21,2.88E-15,4.27E-15
5,4,7.91E-07,37.10107,1.98128,2.86E-08,7.2608,6.10086,,1.00E-06,0.0243,91,2.67E-10,1.00E-06,1.00E-06,2.88E-21,4.23E-21,2.88E-15,4.27E-15
5,4.5,7.91E-07,37.10107,1.98128,2.86E-08,7.2608,6.10086,,1.00E-06,0.0243,91,2.67E-10,1.00E-06,1.00E-06,2.88E-21,4.23E-21,2.88E-15,4.27E-15
5,5,7.91E-07,37.10107,1.98128,2.87E-08,7.2608,6.10086,,1.00E-06,0.0243,91,2.68E-10,1.00E-06,1.00E-06,2.88E-21,4.23E-21,2.88E-15,4.27E-15
5,5.5,7.91E-07,37.10107,1.98128,2.88E-08,7.2608,6.10086,,1.00E-06,0.0243,91,2.68E-10,1.00E-06,1.00E-06,2.88E-21,4.24E-21,2.88E-15,4.27E-15
5,6,7.91E-07,37.10107,1.98128,2.88E-08,7.2608,6.10086,,1.00E-06,0.0243,91,2.69E-10,1.00E-06,1.00E-06,2.88E-21,4.24E-21,2.88E-15,4.27E-15
5,6.5,7.91E-07,37.10107,1.98128,2.89E-08,7.2608,6.10086,,1.00E-06,0.0243,91,2.69E-10,1.00E-06,1.00E-06,2.88E-21,4.24E-21,2.88E-15,4.27E-15
5,7,7.91E-07,37.10107,1.98128,2.89E-08,7.2608,6.10086,,1.00E-06,0.0243,91,2.70E-10,1.00E-06,1.00E-06,2.88E-21,4.24E-21,2.88E-15,4.27E-15
5,7.5,7.91E-07,37.10107,1.98128,2.90E-08,7.2608,6.10086,,1.00E-06,0.0243,91,2.70E-10,1.00E-06,1.01E-06,2.88E-21,4.24E-21,2.88E-15,4.27E-15
5,8,7.91E-07,37.10107,1.98128,2.91E-08,7.2608,6.10086,,1.00E-06,0.0243,91,2.71E-10,1.00E-06,1.01E-06,2.88E-21,4.24E-21,2.88E-15,4.27E-15
5,8.5,7.91E-07,37.10107,1.98128,2.91E-08,7.2608,6.10086,,1.00E-06,0.0243,91,2.72E-10,1.00E-06,1.01E-06,2.88E-21,4.24E-21,2.88E-15,4.27E-15
5,9,7.91E-07,37.10107,1.98128,2.92E-08,7.2608,6.10086,,1.00E-06,0.0243,91,2.72E-10,1.00E-06,1.01E-06,2.88E-21,4.25E-21,2.88E-15,4.27E-15
5,9.5,7.91E-07,37.10107,1.98128,2.92E-08,7.2608,6.10086,,1.00E-06,0.0243,91,2.73E-10,1.00E-06,1.01E-06,2.88E-21,4.25E-21,2.88E-15,4.27E-15
5,10,7.91E-07,37.10107,1.98128,2.93E-08,7.2608,6.10086,,1.00E-06,0.0243,91,2.73E-10,1.00E-06,1.01E-06,2.88E-21,4.25E-21,2.88E-15,4.27E-15
5,10.5,7.91E-07,37.10107,1.98128,2.94E-08,7.2608,6.10086,,1.00E-06,0.0243,91,2.74E-10,1.00E-06,1.01E-06,2.88E-21,4.25E-21,2.88E-15,4.27E-15
5,11,7.91E-07,37.10107,1.98128,2.94E-08,7.2608,6.10086,,1.00E-06,0.0243,91,2.74E-10,1.00E-06,1.01E-06,2.88E-21,4.25E-21,2.88E-15,4.27E-15
5,11.5,7.92E-07,37.10107,1.98128,2.95E-08,7.2608,6.10086,,1.00E-06,0.0243,91,2.75E-10,1.00E-06,1.01E-06,2.88E-21,4.25E-21,2.88E-15,4.27E-15
5,12,7.92E-07,37.10107,1.98128,2.95E-08,7.2608,6.10086,,1.00E-06,0.0243,91,2.75E-10,1.00E-06,1.01E-06,2.88E-21,4.25E-21,2.88E-15,4.27E-15
5,12.5,7.92E-07,37.10107,1.98128,2.96E-08,7.2608,6.10086,,1.00E-06,0.0243,91,2.76E-10,1.00E-06,1.01E-06,2.88E-21,4.25E-21,2.88E-15,4.27E-15
5,13,7.92E-07,37.10107,1.98128,2.96E-08,7.2608,6.10086,,1.00E-06,0.0243,91,2.77E-10,1.00E-06,1.01E-06,2.88E-21,4.26E-21,2.88E-15,4.27E-15
5,13.5,7.92E-07,37.10107,1.98128,2.97E-08,7.2608,6.10086,,1.00E-06,0.0243,91,2.77E-10,1.00E-06,1.01E-06,2.88E-21,4.26E-21,2.88E-15,4.27E-15
5,14,7.92E-07,37.10107,1.98128,2.98E-08,7.2608,6.10086,,1.00E-06,0.0243,91,2.78E-10,1.00E-06,1.01E-06,2.88E-21,4.26E-21,2.88E-15,4.27E-15
5,14.5,7.92E-07,37.10107,1.98128,2.98E-08,7.2608,6.10086,,1.00E-06,0.0243,91,2.78E-10,1.00E-06,1.01E-06,2.88E-21,4.26E-21,2.88E-15,4.27E-15
5,15,7.92E-07,37.10107,1.98128,2.99E-08,7.2608,6.10086,,1.00E-06,0.0243,91,2.79E-10,1.00E-06,1.01E-06,2.88E-21,4.26E-21,2.88E-15,4.27E-15
5,15.5,7.92E-07,37.10107,1.98128,2.99E-08,7.2608,6.10086,,1.00E-06,0.0243,91,2.79E-10,1.00E-06,1.01E-06,2.88E-21,4.26E-21,2.88E-15,4.27E-15
5,16,7.92E-07,37.10107,1.98128,3.00E-08,7.2608,6.10086,,1.00E-06,0.0243,91,2.80E-10,1.00E-06,1.01E-06,2.88E-21,4.26E-21,2.88E-15,4.27E-15
5,16.5,7.92E-07,37.10107,1.98128,3.01E-08,7.2608,6.10086,,1.00E-06,0.0243,91,2.80E-10,1.00E-06,1.01E-06,2.89E-21,4.27E-21,2.88E-15,4.27E-15
5,17,7.92E-07,37.10107,1.98128,3.01E-08,7.2608,6.10086,,1.00E-06,0.0243,91,2.81E-10,1.00E-06,1.01E-06,2.89E-21,4.27E-21,2.88E-15,4.27E-15
5,17.5,7.92E-07,37.10107,1.98128,3.02E-08,7.2608,6.10086,,1.00E-06,0.0243,91,2.81E-10,1.00E-06,1.01E-06,2.89E-21,4.27E-21,2.88E-15,4.27E-15
5,18,7.92E-07,37.10107,1.98128,3.02E-08,7.2608,6.10086,,1.00E-06,0.0243,91,2.82E-10,1.00E-06,1.01E-06,2.89E-21,4.27E-21,2.88E-15,4.27E-15
5,18.5,7.92E-07,37.10107,1.98128,3.03E-08,7.2608,6.10086,,1.00E-06,0.0243,91,2.83E-10,1.00E-06,1.01E-06,2.89E-21,4.27E-21,2.88E-15,4.27E-15
5,19,7.92E-07,37.10107,1.98128,3.04E-08,7.2608,6.10086,,1.00E-06,0.0243,91,2.83E-10,1.00E-06,1.01E-06,2.89E-21,4.27E-21,2.88E-15,4.27E-15
5,19.5,7.92E-07,37.10107,1.98128,3.04E-08,7.2608,6.10086,,1.00E-06,0.0243,91,2.84E-10,1.00E-06,1.01E-06,2.89E-21,4.27E-21,2.88E-15,4.27E-15
5,20,7.92E-07,37.10107,1.98128,3.05E-08,7.2608,6.10086,,1.00E-06,0.0243,91,2.84E-10,1.00E-06,1.01E-06,2.89E-21,4.28E-21,2.88E-15,4.27E-15
5,20.5,7.92E-07,37.10107,1.98128,3.05E-08,7.2608,6.10086,,1.00E-06,0.0243,91,2.85E-10,1.00E-06,1.01E-06,2.89E-21,4.28E-21,2.88E-15,4.27E-15
5,21,7.92E-07,37.10107,1.98128,3.06E-08,7.2608,6.10086,,1.00E-06,0.0243,91,2.85E-10,1.00E-06,1.01E-06,2.89E-21,4.28E-21,2.88E-15,4.27E-15
5,21.5,7.92E-07,37.10107,1.98128,3.07E-08,7.2608,6.10086,,1.00E-06,0.0243,91,2.86E-10,1.00E-06,1.01E-06,2.89E-21,4.28E-21,2.88E-15,4.27E-15
5,22,7.92E-07,37.10107,1.98128,3.07E-08,7.2608,6.10086,,1.00E-06,0.0243,91,2.86E-10,1.00E-06,1.01E-06,2.89E-21,4.28E-21,2.88E-15,4.27E-15
5,22.5,7.92E-07,37.10107,1.98128,3.08E-08,7.2608,6.10086,,1.00E-06,0.0243,91,2.87E-10,1.00E-06,1.02E-06,2.89E-21,4.28E-21,2.88E-15,4.27E-15
5,23,7.92E-07,37.10107,1.98128,3.08E-08,7.2608,6.10086,,1.00E-06,0.0243,91,2.88E-10,1.00E-06,1.02E-06,2.89E-21,4.28E-21,2.88E-15,4.27E-15
5,23.5,7.92E-07,37.10107,1.98128,3.09E-08,7.2608,6.10086,,1.00E-06,0.0243,91,2.88E-10,1.00E-06,1.02E-06,2.89E-21,4.29E-21,2.88E-15,4.27E-15
5,24,7.93E-07,37.10107,1.98128,3.10E-08,7.2608,6.10086,,1.00E-06,0.0243,91,2.89E-10,1.00E-06,1.02E-06,2.89E-21,4.29E-21,2.88E-15,4.27E-15
5,24.5,7.93E-07,37.10107,1.98128,3.10E-08,7.2608,6.10086,,1.00E-06,0.0243,91,2.89E-10,1.00E-06,1.02E-06,2.89E-21,4.29E-21,2.88E-15,4.27E-15
5,25,7.93E-07,37.10107,1.98128,3.11E-08,7.2608,6.10086,,1.00E-06,0.0243,91,2.90E-10,1.00E-06,1.02E-06,2.89E-21,4.29E-21,2.88E-15,4.27E-15
5,25.5,7.93E-07,37.10107,1.98128,3.11E-08,7.2608,6.10086,,1.00E-06,0.0243,91,2.90E-10,1.00E-06,1.02E-06,2.89E-21,4.29E-21,2.88E-15,4.27E-15
5,26,7.93E-07,37.10107,1.98128,3.12E-08,7.2608,6.10086,,1.00E-06,0.0243,91,2.91E-10,1.00E-06,1.02E-06,2.89E-21,4.29E-21,2.88E-15,4.27E-15
5,26.5,7.93E-07,37.10107,1.98128,3.12E-08,7.2608,6.10086,,1.00E-06,0.0243,91,2.91E-10,1.00E-06,1.02E-06,2.89E-21,4.29E-21,2.88E-15,4.27E-15
5,27,7.93E-07,37.10107,1.98128,3.13E-08,7.2608,6.10086,,1.00E-06,0.0243,91,2.92E-10,1.00E-06,1.02E-06,2.89E-21,4.30E-21,2.88E-15,4.27E-15
5,27.5,7.93E-07,37.10107,1.98128,3.14E-08,7.2608,6.10086,,1.00E-06,0.0243,91,2.93E-10,1.00E-06,1.02E-06,2.89E-21,4.30E-21,2.88E-15,4.27E-15
5,28,7.93E-07,37.10107,1.98128,3.14E-08,7.2608,6.10086,,1.00E-06,0.0243,91,2.93E-10,1.00E-06,1.02E-06,2.89E-21,4.30E-21,2.88E-15,4.27E-15
5,28.5,7.93E-07,37.10107,1.98128,3.15E-08,7.2608,6.10086,,1.00E-06,0.0243,91,2.94E-10,1.00E-06,1.02E-06,2.89E-21,4.30E-21,2.88E-15,4.27E-15
5,29,7.93E-07,37.10107,1.98128,3.15E-08,7.2608,6.10086,,1.00E-06,0.0243,91,2.94E-10,1.00E-06,1.02E-06,2.89E-21,4.30E-21,2.88E-15,4.27E-15
5,29.5,7.93E-07,37.10107,1.98128,3.16E-08,7.2608,6.10086,,1.00E-06,0.0243,91,2.95E-10,1.00E-06,1.02E-06,2.89E-21,4.30E-21,2.88E-15,4.27E-15
5,30,7.93E-07,37.10107,1.98128,3.17E-08,7.2608,6.10086,,1.00E-06,0.0243,91,2.95E-10,1.00E-06,1.02E-06,2.89E-21,4.30E-21,2.88E-15,4.27E-15
5,30.5,7.93E-07,37.10107,1.98128,3.17E-08,7.2608,6.10086,,1.00E-06,0.0243,91,2.96E-10,1.00E-06,1.02E-06,2.89E-21,4.31E-21,2.88E-15,4.27E-15
5,31,7.93E-07,37.10107,1.98128,3.18E-08,7.2608,6.10086,,1.00E-06,0.0243,91,2.96E-10,1.00E-06,1.02E-06,2.89E-21,4.31E-21,2.88E-15,4.27E-15
5,31.5,7.93E-07,37.10107,1.98128,3.18E-08,7.2608,6.10086,,1.00E-06,0.0243,91,2.97E-10,1.00E-06,1.02E-06,2.89E-21,4.31E-21,2.88E-15,4.27E-15
5,32,7.93E-07,37.10107,1.98128,3.19E-08,7.2608,6.10086,,1.00E-06,0.0243,91,2.98E-10,1.00E-06,1.02E-06,2.89E-21,4.31E-21,2.88E-15,4.27E-15
5,32.5,7.93E-07,37.10107,1.98128,3.20E-08,7.2608,6.10086,,1.00E-06,0.0243,91,2.98E-10,1.00E-06,1.02E-06,2.89E-21,4.31E-21,2.88E-15,4.27E-15
5,33,7.93E-07,37.10107,1.98128,3.20E-08,7.2608,6.10086,,1.00E-06,0.0243,91,2.99E-10,1.00E-06,1.02E-06,2.89E-21,4.31E-21,2.88E-15,4.27E-15
5,33.5,7.93E-07,37.10107,1.98128,3.21E-08,7.2608,6.10086,,1.00E-06,0.0243,91,2.99E-10,1.00E-06,1.02E-06,2.89E-21,4.31E-21,2.88E-15,4.27E-15
5,34,7.93E-07,37.10107,1.98128,3.21E-08,7.2608,6.10086,,1.00E-06,0.0243,91,3.00E-10,1.00E-06,1.02E-06,2.89E-21,4.32E-21,2.88E-15,4.27E-15
5,34.5,7.93E-07,37.10107,1.98128,3.22E-08,7.2608,6.10086,,1.00E-06,0.0243,91,3.00E-10,1.00E-06,1.02E-06,2.89E-21,4.32E-21,2.88E-15,4.27E-15
5,35,7.93E-07,37.10107,1.98128,3.23E-08,7.2608,6.10086,,1.00E-06,0.0243,91,3.01E-10,1.00E-06,1.02E-06,2.89E-21,4.32E-21,2.88E-15,4.27E-15
5,35.5,7.93E-07,37.10107,1.98128,3.23E-08,7.2608,6.10086,,1.00E-06,0.0243,91,3.01E-10,1.00E-06,1.02E-06,2.89E-21,4.32E-21,2.88E-15,4.27E-15
5,36,7.93E-07,37.10107,1.98128,3.24E-08,7.2608,6.10086,,1.00E-06,0.0243,91,3.02E-10,1.00E-06,1.02E-06,2.89E-21,4.32E-21,2.88E-15,4.27E-15
5,36.5,7.94E-07,37.10107,1.98128,3.24E-08,7.2608,6.10086,,1.00E-06,0.0243,91,3.03E-10,1.00E-06,1.02E-06,2.89E-21,4.32E-21,2.88E-15,4.27E-15
5,37,7.94E-07,37.10107,1.98128,3.25E-08,7.2608,6.10086,,1.00E-06,0.0243,91,3.03E-10,1.00E-06,1.02E-06,2.89E-21,4.32E-21,2.88E-15,4.27E-15
5,37.5,7.94E-07,37.10107,1.98128,3.26E-08,7.2608,6.10086,,1.00E-06,0.0243,91,3.04E-10,1.00E-06,1.03E-06,2.89E-21,4.33E-21,2.88E-15,4.27E-15
5,38,7.94E-07,37.10107,1.98128,3.26E-08,7.2608,6.10086,,1.00E-06,0.0243,91,3.04E-10,1.00E-06,1.03E-06,2.89E-21,4.33E-21,2.88E-15,4.27E-15
5,38.5,7.94E-07,37.10107,1.98128,3.27E-08,7.2608,6.10086,,1.00E-06,0.0243,91,3.05E-10,1.00E-06,1.03E-06,2.89E-21,4.33E-21,2.88E-15,4.27E-15
5,39,7.94E-07,37.10107,1.98128,3.27E-08,7.2608,6.10086,,1.00E-06,0.0243,91,3.05E-10,1.00E-06,1.03E-06,2.89E-21,4.33E-21,2.88E-15,4.27E-15
5,39.5,7.94E-07,37.10107,1.98128,3.28E-08,7.2608,6.10086,,1.00E-06,0.0243,91,3.06E-10,1.00E-06,1.03E-06,2.89E-21,4.33E-21,2.88E-15,4.27E-15
5,40,7.94E-07,37.10107,1.98128,3.29E-08,7.2608,6.10086,,1.00E-06,0.0243,91,3.06E-10,1.00E-06,1.03E-06,2.89E-21,4.33E-21,2.88E-15,4.27E-15
5,40.5,7.94E-07,37.10107,1.98128,3.29E-08,7.2608,6.10086,,1.00E-06,0.0243,91,3.07E-10,1.00E-06,1.03E-06,2.89E-21,4.34E-21,2.88E-15,4.27E-15
5,41,7.94E-07,37.10107,1.98128,3.30E-08,7.2608,6.10086,,1.00E-06,0.0243,91,3.08E-10,1.00E-06,1.03E-06,2.89E-21,4.34E-21,2.88E-15,4.27E-15
5,41.5,7.94E-07,37.10107,1.98128,3.30E-08,7.2608,6.10086,,1.00E-06,0.0243,91,3.08E-10,1.00E-06,1.03E-06,2.89E-21,4.34E-21,2.88E-15,4.27E-15
5,42,7.94E-07,37.10107,1.98128,3.31E-08,7.2608,6.10086,,1.00E-06,0.0243,91,3.09E-10,1.00E-06,1.03E-06,2.89E-21,4.34E-21,2.88E-15,4.27E-15
5,42.5,7.94E-07,37.10107,1.98128,3.32E-08,7.2608,6.10086,,1.00E-06,0.0243,91,3.09E-10,1.00E-06,1.03E-06,2.89E-21,4.34E-21,2.88E-15,4.27E-15
5,43,7.94E-07,37.10107,1.98128,3.32E-08,7.2608,6.10086,,1.00E-06,0.0243,91,3.10E-10,1.00E-06,1.03E-06,2.89E-21,4.34E-21,2.88E-15,4.27E-15
5,43.5,7.94E-07,37.10107,1.98128,3.33E-08,7.2608,6.10086,,1.00E-06,0.0243,91,3.10E-10,1.00E-06,1.03E-06,2.89E-21,4.34E-21,2.88E-15,4.27E-15
5,44,7.94E-07,37.10107,1.98128,3.33E-08,7.2608,6.10086,,1.00E-06,0.0243,91,3.11E-10,1.01E-06,1.03E-06,2.89E-21,4.35E-21,2.88E-15,4.27E-15
5,44.5,7.94E-07,37.10107,1.98128,3.34E-08,7.2608,6.10086,,1.00E-06,0.0243,91,3.12E-10,1.01E-06,1.03E-06,2.89E-21,4.35E-21,2.88E-15,4.27E-15
5,45,7.94E-07,37.10107,1.98128,3.35E-08,7.2608,6.10086,,1.00E-06,0.0243,91,3.12E-10,1.01E-06,1.03E-06,2.89E-21,4.35E-21,2.88E-15,4.27E-15
5,45.5,7.94E-07,37.10107,1.98128,3.35E-08,7.2608,6.10086,,1.00E-06,0.0243,91,3.13E-10,1.01E-06,1.03E-06,2.89E-21,4.35E-21,2.88E-15,4.27E-15
5,46,7.94E-07,37.10107,1.98128,3.36E-08,7.2608,6.10086,,1.00E-06,0.0243,91,3.13E-10,1.01E-06,1.03E-06,2.89E-21,4.35E-21,2.88E-15,4.27E-15
5,46.5,7.94E-07,37.10107,1.98128,3.36E-08,7.2608,6.10086,,1.00E-06,0.0243,91,3.14E-10,1.01E-06,1.03E-06,2.89E-21,4.35E-21,2.88E-15,4.27E-15
5,47,7.94E-07,37.10107,1.98128,3.37E-08,7.2608,6.10086,,1.00E-06,0.0243,91,3.14E-10,1.01E-06,1.03E-06,2.90E-21,4.35E-21,2.88E-15,4.27E-15
5,47.5,7.94E-07,37.10107,1.98128,3.38E-08,7.2608,6.10086,,1.00E-06,0.0243,91,3.15E-10,1.01E-06,1.03E-06,2.90E-21,4.36E-21,2.88E-15,4.27E-15
5,48,7.94E-07,37.10107,1.98128,3.38E-08,7.2608,6.10086,,1.00E-06,0.0243,91,3.15E-10,1.01E-06,1.03E-06,2.90E-21,4.36E-21,2.88E-15,4.27E-15
5,48.5,7.94E-07,37.10107,1.98128,3.39E-08,7.2608,6.10086,,1.00E-06,0.0243,91,3.16E-10,1.01E-06,1.03E-06,2.90E-21,4.36E-21,2.88E-15,4.27E-15
5,49,7.95E-07,37.10107,1.98128,3.39E-08,7.2608,6.10086,,1.00E-06,0.0243,91,3.17E-10,1.01E-06,1.03E-06,2.90E-21,4.36E-21,2.88E-15,4.27E-15
5,49.5,7.95E-07,37.10107,1.98128,3.40E-08,7.2608,6.10086,,1.01E-06,0.0243,91,3.17E-10,1.01E-06,1.03E-06,2.90E-21,4.36E-21,2.88E-15,4.27E-15
5,50,7.95E-07,37.10107,1.98128,3.41E-08,7.2608,6.10086,,1.01E-06,0.0243,91,3.18E-10,1.01E-06,1.03E-06,2.90E-21,4.36E-21,2.88E-15,4.27E-15
6,0,7.91E-07,37.10107,1.98128,2.81E-08,7.2608,6.10086,,1.00E-06,0.0243,91,2.62E-10,1.00E-06,1.00E-06,2.88E-19,4.22E-19,2.88E-13,4.27E-13
6,0.5,7.95E-07,37.10107,1.98128,3.41E-08,7.2608,6.10086,,1.01E-06,0.0243,91,3.18E-10,1.01E-06,1.03E-06,2.90E-19,4.36E-19,2.88E-13,4.27E-13
6,0.8,7.97E-07,37.10107,1.98128,3.75E-08,7.2608,6.10086,,1.01E-06,0.0243,91,3.50E-10,1.01E-06,1.05E-06,2.91E-19,4.45E-19,2.88E-13,4.27E-13
6,1.1,7.99E-07,37.10107,1.98128,4.13E-08,7.2608,6.10086,,1.01E-06,0.0243,91,3.86E-10,1.01E-06,1.08E-06,2.92E-19,4.54E-19,2.88E-13,4.27E-13
6,1.4,8.02E-07,37.10107,1.98128,4.55E-08,7.2608,6.10086,,1.01E-06,0.0243,91,4.25E-10,1.02E-06,1.10E-06,2.93E-19,4.64E-19,2.88E-13,4.27E-13
6,1.8,8.05E-07,37.10107,1.98128,5.01E-08,7.2608,6.10086,,1.02E-06,0.0243,91,4.68E-10,1.02E-06,1.13E-06,2.94E-19,4.75E-19,2.88E-13,4.27E-13
6,2.2,8.08E-07,37.10107,1.98128,5.52E-08,7.2608,6.10086,,1.02E-06,0.0243,91,5.15E-10,1.02E-06,1.16E-06,2.95E-19,4.88E-19,2.88E-13,4.27E-13
6,2.6,8.11E-07,37.10107,1.98128,6.09E-08,7.2608,6.10086,,1.03E-06,0.0243,91,5.68E-10,1.03E-06,1.19E-06,2.96E-19,5.01E-19,2.88E-13,4.27E-13
6,3,8.15E-07,37.10107,1.98128,6.71E-08,7.2608,6.10086,,1.03E-06,0.0243,91,6.25E-10,1.03E-06,1.22E-06,2.98E-19,5.16E-19,2.88E-13,4.27E-13
6,3.5,8.19E-07,37.10107,1.98128,7.39E-08,7.2608,6.10086,,1.04E-06,0.0243,91,6.89E-10,1.04E-06,1.26E-06,3.00E-19,5.33E-19,2.88E-13,4.27E-13
6,4,8.23E-07,37.10107,1.98128,8.14E-08,7.2608,6.10086,,1.04E-06,0.0243,91,7.59E-10,1.05E-06,1.31E-06,3.01E-19,5.51E-19,2.88E-13,4.27E-13
6,4.5,8.27E-07,37.10107,1.98128,8.92E-08,7.2608,6.10086,,1.05E-06,0.0243,91,8.32E-10,1.05E-06,1.35E-06,3.03E-19,5.70E-19,2.88E-13,4.27E-13
6,5,8.31E-07,37.10107,1.98128,9.73E-08,7.2608,6.10086,,1.05E-06,0.0243,91,9.07E-10,1.06E-06,1.40E-06,3.05E-19,5.90E-19,2.88E-13,4.27E-13
6,5.5,8.36E-07,37.10107,1.98128,1.06E-07,7.2608,6.10086,,1.06E-06,0.0243,91,9.90E-10,1.06E-06,1.45E-06,3.07E-19,6.11E-19,2.88E-13,4.27E-13
6,6,8.40E-07,37.10107,1.98128,1.15E-07,7.2608,6.10086,,1.06E-06,0.0243,91,1.07E-09,1.07E-06,1.50E-06,3.08E-19,6.32E-19,2.88E-13,4.27E-13
6,6.5,8.44E-07,37.10107,1.98128,1.24E-07,7.2608,6.10086,,1.07E-06,0.0243,91,1.15E-09,1.08E-06,1.55E-06,3.10E-19,6.54E-19,2.88E-13,4.27E-13
6,7,8.49E-07,37.10107,1.98128,1.33E-07,7.2608,6.10086,,1.07E-06,0.0243,91,1.24E-09,1.08E-06,1.60E-06,3.12E-19,6.76E-19,2.88E-13,4.27E-13
6,7.5,8.53E-07,37.10107,1.98128,1.43E-07,7.2608,6.10086,,1.08E-06,0.0243,91,1.33E-09,1.09E-06,1.66E-06,3.14E-19,6.99E-19,2.88E-13,4.27E-13
6,8,8.57E-07,37.10107,1.98128,1.52E-07,7.2608,6.10086,,1.08E-06,0.0243,91,1.42E-09,1.10E-06,1.71E-06,3.15E-19,7.23E-19,2.88E-13,4.27E-13
6,8.5,8.62E-07,37.10107,1.98128,1.63E-07,7.2608,6.10086,,1.09E-06,0.0243,91,1.52E-09,1.10E-06,1.77E-06,3.17E-19,7.48E-19,2.88E-13,4.27E-13
6,9,8.66E-07,37.10107,1.98128,1.73E-07,7.2608,6.10086,,1.10E-06,0.0243,91,1.62E-09,1.11E-06,1.83E-06,3.19E-19,7.74E-19,2.88E-13,4.27E-13
6,9.5,8.71E-07,37.10107,1.98128,1.84E-07,7.2608,6.10086,,1.10E-06,0.0243,91,1.72E-09,1.11E-06,1.90E-06,3.21E-19,8.00E-19,2.88E-13,4.27E-13
6,10,8.75E-07,37.10107,1.98128,1.95E-07,7.2608,6.10086,,1.11E-06,0.0243,91,1.82E-09,1.12E-06,1.96E-06,3.23E-19,8.28E-19,2.88E-13,4.27E-13
6,10.5,8.80E-07,37.10107,1.98128,2.07E-07,7.2608,6.10086,,1.11E-06,0.0243,91,1.93E-09,1.13E-06,2.03E-06,3.25E-19,8.56E-19,2.88E-13,4.27E-13
6,11,8.84E-07,37.10107,1.98128,2.19E-07,7.2608,6.10086,,1.12E-06,0.0243,91,2.05E-09,1.13E-06,2.10E-06,3.26E-19,8.86E-19,2.88E-13,4.27E-13
6,11.5,8.89E-07,37.10107,1.98128,2.32E-07,7.2608,6.10086,,1.12E-06,0.0243,91,2.16E-09,1.14E-06,2.17E-06,3.28E-19,9.16E-19,2.88E-13,4.27E-13
6,12,8.93E-07,37.10107,1.98128,2.45E-07,7.2608,6.10086,,1.13E-06,0.0243,91,2.28E-09,1.15E-06,2.25E-06,3.30E-19,9.48E-19,2.88E-13,4.27E-13
6,12.5,8.98E-07,37.10107,1.98128,2.58E-07,7.2608,6.10086,,1.14E-06,0.0243,91,2.41E-09,1.15E-06,2.32E-06,3.32E-19,9.80E-19,2.88E-13,4.27E-13
6,13,9.02E-07,37.10107,1.98128,2.72E-07,7.2608,6.10086,,1.14E-06,0.0243,91,2.54E-09,1.16E-06,2.40E-06,3.34E-19,1.01E-18,2.88E-13,4.27E-13
6,13.5,9.07E-07,37.10107,1.98128,2.86E-07,7.2608,6.10086,,1.15E-06,0.0243,91,2.67E-09,1.17E-06,2.48E-06,3.36E-19,1.05E-18,2.88E-13,4.27E-13
6,14,9.12E-07,37.10107,1.98128,3.01E-07,7.2608,6.10086,,1.15E-06,0.0243,91,2.81E-09,1.17E-06,2.57E-06,3.38E-19,1.08E-18,2.88E-13,4.27E-13
6,14.5,9.16E-07,37.10107,1.98128,3.17E-07,7.2608,6.10086,,1.16E-06,0.0243,91,2.95E-09,1.18E-06,2.66E-06,3.40E-19,1.12E-18,2.88E-13,4.27E-13
6,15,9.21E-07,37.10107,1.98128,3.32E-07,7.2608,6.10086,,1.17E-06,0.0243,91,3.10E-09,1.19E-06,2.75E-06,3.42E-19,1.16E-18,2.88E-13,4.27E-13
6,15.5,9.26E-07,37.10107,1.98128,3.49E-07,7.2608,6.10086,,1.17E-06,0.0243,91,3.25E-09,1.19E-06,2.84E-06,3.44E-19,1.20E-18,2.88E-13,4.27E-13
6,16,9.31E-07,37.10107,1.98128,3.66E-07,7.2608,6.10086,,1.18E-06,0.0243,91,3.41E-09,1.20E-06,2.94E-06,3.45E-19,1.24E-18,2.88E-13,4.27E-13
6,16.5,9.36E-07,37.10107,1.98128,3.83E-07,7.2608,6.10086,,1.18E-06,0.0243,91,3.58E-09,1.21E-06,3.04E-06,3.47E-19,1.28E-18,2.88E-13,4.27E-13
6,17,9.40E-07,37.10107,1.98128,4.01E-07,7.2608,6.10086,,1.19E-06,0.0243,91,3.74E-09,1.21E-06,3.15E-06,3.49E-19,1.33E-18,2.88E-13,4.27E-13
6,17.5,9.45E-07,37.10107,1.98128,4.20E-07,7.2608,6.10086,,1.20E-06,0.0243,91,3.92E-09,1.22E-06,3.26E-06,3.51E-19,1.37E-18,2.88E-13,4.27E-13
6,18,9.50E-07,37.10107,1.98128,4.40E-07,7.2608,6.10086,,1.20E-06,0.0243,91,4.10E-09,1.23E-06,3.37E-06,3.53E-19,1.42E-18,2.88E-13,4.27E-13
6,18.5,9.55E-07,37.10107,1.98128,4.60E-07,7.2608,6.10086,,1.21E-06,0.0243,91,4.29E-09,1.23E-06,3.48E-06,3.55E-19,1.47E-18,2.88E-13,4.27E-13
6,19,9.60E-07,37.10107,1.98128,4.81E-07,7.2608,6.10086,,1.21E-06,0.0243,91,4.48E-09,1.24E-06,3.60E-06,3.58E-19,1.52E-18,2.88E-13,4.27E-13
6,19.5,9.65E-07,37.10107,1.98128,5.02E-07,7.2608,6.10086,,1.22E-06,0.0243,91,4.68E-09,1.25E-06,3.73E-06,3.60E-19,1.57E-18,2.88E-13,4.27E-13
6,20,9.70E-07,37.10107,1.98128,5.24E-07,7.2608,6.10086,,1.23E-06,0.0243,91,4.89E-09,1.26E-06,3.85E-06,3.62E-19,1.63E-18,2.88E-13,4.27E-13
6,20.5,9.75E-07,37.10107,1.98128,5.47E-07,7.2608,6.10086,,1.23E-06,0.0243,91,5.10E-09,1.26E-06,3.99E-06,3.64E-19,1.68E-18,2.88E-13,4.27E-13
6,21,9.80E-07,37.10107,1.98128,5.71E-07,7.2608,6.10086,,1.24E-06,0.0243,91,5.33E-09,1.27E-06,4.12E-06,3.66E-19,1.74E-18,2.88E-13,4.27E-13
6,21.5,9.85E-07,37.10107,1.98128,5.96E-07,7.2608,6.10086,,1.25E-06,0.0243,91,5.56E-09,1.28E-06,4.26E-06,3.68E-19,1.80E-18,2.88E-13,4.27E-13
6,22,9.90E-07,37.10107,1.98128,6.21E-07,7.2608,6.10086,,1.25E-06,0.0243,91,5.79E-09,1.28E-06,4.41E-06,3.70E-19,1.86E-18,2.88E-13,4.27E-13
6,22.5,9.95E-07,37.10107,1.98128,6.47E-07,7.2608,6.10086,,1.26E-06,0.0243,91,6.04E-09,1.29E-06,4.56E-06,3.72E-19,1.92E-18,2.88E-13,4.27E-13
6,23,1.00E-06,37.10107,1.98128,6.75E-07,7.2608,6.10086,,1.27E-06,0.0243,91,6.29E-09,1.30E-06,4.72E-06,3.74E-19,1.99E-18,2.88E-13,4.27E-13
6,23.5,1.01E-06,37.10107,1.98128,7.03E-07,7.2608,6.10086,,1.27E-06,0.0243,91,6.55E-09,1.31E-06,4.88E-06,3.76E-19,2.06E-18,2.88E-13,4.27E-13
6,24,1.01E-06,37.10107,1.98128,7.32E-07,7.2608,6.10086,,1.28E-06,0.0243,91,6.83E-09,1.31E-06,5.05E-06,3.78E-19,2.13E-18,2.88E-13,4.27E-13
6,24.5,1.02E-06,37.10107,1.98128,7.62E-07,7.2608,6.10086,,1.29E-06,0.0243,91,7.11E-09,1.32E-06,5.22E-06,3.81E-19,2.20E-18,2.88E-13,4.27E-13
6,25,1.02E-06,37.10107,1.98128,7.93E-07,7.2608,6.10086,,1.29E-06,0.0243,91,7.40E-09,1.33E-06,5.40E-06,3.83E-19,2.28E-18,2.88E-13,4.27E-13
6,25.5,1.03E-06,37.10107,1.98128,8.25E-07,7.2608,6.10086,,1.30E-06,0.0243,91,7.70E-09,1.34E-06,5.59E-06,3.85E-19,2.36E-18,2.88E-13,4.27E-13
6,26,1.03E-06,37.10107,1.98128,8.59E-07,7.2608,6.10086,,1.31E-06,0.0243,91,8.01E-09,1.34E-06,5.78E-06,3.87E-19,2.44E-18,2.88E-13,4.27E-13
6,26.5,1.04E-06,37.10107,1.98128,8.93E-07,7.2608,6.10086,,1.31E-06,0.0243,91,8.33E-09,1.35E-06,5.98E-06,3.89E-19,2.52E-18,2.88E-13,4.27E-13
6,27,1.04E-06,37.10107,1.98128,9.29E-07,7.2608,6.10086,,1.32E-06,0.0243,91,8.66E-09,1.36E-06,6.18E-06,3.92E-19,2.61E-18,2.88E-13,4.27E-13
6,27.5,1.05E-06,37.10107,1.98128,9.66E-07,7.2608,6.10086,,1.33E-06,0.0243,91,9.01E-09,1.37E-06,6.39E-06,3.94E-19,2.70E-18,2.88E-13,4.27E-13
6,28,1.05E-06,37.10107,1.98128,1.00E-06,7.2608,6.10086,,1.33E-06,0.0243,91,9.36E-09,1.38E-06,6.61E-06,3.96E-19,2.79E-18,2.88E-13,4.27E-13
6,28.5,1.06E-06,37.10107,1.98128,1.04E-06,7.2608,6.10086,,1.34E-06,0.0243,91,9.73E-09,1.38E-06,6.84E-06,3.98E-19,2.89E-18,2.88E-13,4.27E-13
6,29,1.06E-06,37.10107,1.98128,1.08E-06,7.2608,6.10086,,1.35E-06,0.0243,91,1.01E-08,1.39E-06,7.07E-06,4.01E-19,2.99E-18,2.88E-13,4.27E-13
6,29.5,1.07E-06,37.10107,1.98128,1.13E-06,7.2608,6.10086,,1.35E-06,0.0243,91,1.05E-08,1.40E-06,7.32E-06,4.03E-19,3.09E-18,2.88E-13,4.27E-13
6,30,1.08E-06,37.10107,1.98128,1.17E-06,7.2608,6.10086,,1.36E-06,0.0243,91,1.09E-08,1.41E-06,7.57E-06,4.05E-19,3.19E-18,2.88E-13,4.27E-13
6,30.5,1.08E-06,37.10107,1.98128,1.22E-06,7.2608,6.10086,,1.37E-06,0.0243,91,1.13E-08,1.42E-06,7.83E-06,4.08E-19,3.30E-18,2.88E-13,4.27E-13
6,31,1.09E-06,37.10107,1.98128,1.26E-06,7.2608,6.10086,,1.38E-06,0.0243,91,1.18E-08,1.42E-06,8.10E-06,4.10E-19,3.42E-18,2.88E-13,4.27E-13
6,31.5,1.09E-06,37.10107,1.98128,1.31E-06,7.2608,6.10086,,1.38E-06,0.0243,91,1.22E-08,1.43E-06,8.37E-06,4.12E-19,3.53E-18,2.88E-13,4.27E-13
6,32,1.10E-06,37.10107,1.98128,1.36E-06,7.2608,6.10086,,1.39E-06,0.0243,91,1.27E-08,1.44E-06,8.66E-06,4.15E-19,3.66E-18,2.88E-13,4.27E-13
6,32.5,1.10E-06,37.10106,1.98128,1.41E-06,7.2608,6.10086,,1.40E-06,0.0243,91,1.32E-08,1.45E-06,8.96E-06,4.17E-19,3.78E-18,2.88E-13,4.27E-13
6,33,1.11E-06,37.10106,1.98128,1.47E-06,7.2608,6.10086,,1.40E-06,0.0243,91,1.37E-08,1.46E-06,9.27E-06,4.19E-19,3.91E-18,2.88E-13,4.27E-13
6,33.5,1.12E-06,37.10106,1.98128,1.52E-06,7.2608,6.10086,,1.41E-06,0.0243,91,1.42E-08,1.46E-06,9.58E-06,4.22E-19,4.04E-18,2.88E-13,4.27E-13
6,34,1.12E-06,37.10106,1.98128,1.58E-06,7.2608,6.10086,,1.42E-06,0.0243,91,1.47E-08,1.47E-06,9.91E-06,4.24E-19,4.18E-18,2.88E-13,4.27E-13
6,34.5,1.13E-06,37.10106,1.98128,1.64E-06,7.2608,6.10086,,1.43E-06,0.0243,91,1.53E-08,1.48E-06,1.03E-05,4.27E-19,4.33E-18,2.88E-13,4.27E-13
6,35,1.13E-06,37.10106,1.98128,1.70E-06,7.2608,6.10086,,1.43E-06,0.0243,91,1.58E-08,1.49E-06,1.06E-05,4.29E-19,4.48E-18,2.88E-13,4.27E-13
6,35.5,1.14E-06,37.10106,1.98128,1.76E-06,7.2608,6.10086,,1.44E-06,0.0243,91,1.64E-08,1.50E-06,1.10E-05,4.31E-19,4.63E-18,2.88E-13,4.27E-13
6,36,1.15E-06,37.10106,1.98128,1.83E-06,7.2608,6.10086,,1.45E-06,0.0243,91,1.70E-08,1.51E-06,1.13E-05,4.34E-19,4.79E-18,2.88E-13,4.27E-13
6,36.5,1.15E-06,37.10106,1.98128,1.89E-06,7.2608,6.10086,,1.46E-06,0.0243,91,1.77E-08,1.52E-06,1.17E-05,4.36E-19,4.95E-18,2.88E-13,4.27E-13
6,37,1.16E-06,37.10106,1.98128,1.96E-06,7.2608,6.10086,,1.46E-06,0.0243,91,1.83E-08,1.52E-06,1.21E-05,4.39E-19,5.12E-18,2.88E-13,4.27E-13
6,37.5,1.16E-06,37.10106,1.98128,2.04E-06,7.2608,6.10086,,1.47E-06,0.0243,91,1.90E-08,1.53E-06,1.26E-05,4.41E-19,5.30E-18,2.88E-13,4.27E-13
6,38,1.17E-06,37.10106,1.98128,2.11E-06,7.2608,6.10086,,1.48E-06,0.0243,91,1.97E-08,1.54E-06,1.30E-05,4.44E-19,5.48E-18,2.88E-13,4.27E-13
6,38.5,1.18E-06,37.10106,1.98128,2.19E-06,7.2608,6.10086,,1.49E-06,0.0243,91,2.04E-08,1.55E-06,1.34E-05,4.46E-19,5.67E-18,2.88E-13,4.27E-13
6,39,1.18E-06,37.10106,1.98128,2.27E-06,7.2608,6.10086,,1.50E-06,0.0243,91,2.12E-08,1.56E-06,1.39E-05,4.49E-19,5.86E-18,2.88E-13,4.27E-13
6,39.5,1.19E-06,37.10106,1.98128,2.35E-06,7.2608,6.10086,,1.50E-06,0.0243,91,2.19E-08,1.57E-06,1.44E-05,4.51E-19,6.06E-18,2.88E-13,4.27E-13
6,40,1.20E-06,37.10106,1.98128,2.44E-06,7.2608,6.10086,,1.51E-06,0.0243,91,2.27E-08,1.58E-06,1.49E-05,4.54E-19,6.27E-18,2.88E-13,4.27E-13
6,40.5,1.20E-06,37.10106,1.98128,2.53E-06,7.2608,6.10086,,1.52E-06,0.0243,91,2.36E-08,1.59E-06,1.54E-05,4.57E-19,6.49E-18,2.88E-13,4.27E-13
6,41,1.21E-06,37.10106,1.98128,2.62E-06,7.2608,6.10087,,1.53E-06,0.0243,91,2.44E-08,1.59E-06,1.59E-05,4.59E-19,6.71E-18,2.88E-13,4.27E-13
6,41.5,1.21E-06,37.10106,1.98128,2.71E-06,7.2608,6.10087,,1.54E-06,0.0243,91,2.53E-08,1.60E-06,1.64E-05,4.62E-19,6.94E-18,2.88E-13,4.27E-13
6,42,1.22E-06,37.10106,1.98128,2.81E-06,7.2608,6.10087,,1.54E-06,0.0243,91,2.62E-08,1.61E-06,1.70E-05,4.65E-19,7.18E-18,2.88E-13,4.27E-13
6,42.5,1.23E-06,37.10106,1.98128,2.91E-06,7.2608,6.10087,,1.55E-06,0.0243,91,2.72E-08,1.62E-06,1.76E-05,4.67E-19,7.42E-18,2.88E-13,4.27E-13
6,43,1.23E-06,37.10106,1.98128,3.02E-06,7.2608,6.10087,,1.56E-06,0.0243,91,2.81E-08,1.63E-06,1.82E-05,4.70E-19,7.68E-18,2.88E-13,4.27E-13
6,43.5,1.24E-06,37.10106,1.98128,3.13E-06,7.2608,6.10087,,1.57E-06,0.0243,91,2.92E-08,1.64E-06,1.88E-05,4.73E-19,7.94E-18,2.88E-13,4.27E-13
6,44,1.25E-06,37.10106,1.98128,3.24E-06,7.2608,6.10087,,1.58E-06,0.0243,91,3.02E-08,1.65E-06,1.95E-05,4.75E-19,8.22E-18,2.88E-13,4.27E-13
6,44.5,1.25E-06,37.10106,1.98128,3.35E-06,7.2608,6.10087,,1.59E-06,0.0243,91,3.13E-08,1.66E-06,2.01E-05,4.78E-19,8.50E-18,2.88E-13,4.27E-13
6,45,1.26E-06,37.10106,1.98128,3.48E-06,7.2608,6.10087,,1.59E-06,0.0243,91,3.24E-08,1.67E-06,2.08E-05,4.81E-19,8.79E-18,2.88E-13,4.27E-13
6,45.5,1.27E-06,37.10106,1.98128,3.60E-06,7.2608,6.10087,,1.60E-06,0.0243,91,3.36E-08,1.68E-06,2.15E-05,4.83E-19,9.09E-18,2.88E-13,4.27E-13
6,46,1.27E-06,37.10106,1.98128,3.73E-06,7.2608,6.10087,,1.61E-06,0.0243,91,3.48E-08,1.69E-06,2.23E-05,4.86E-19,9.40E-18,2.88E-13,4.27E-13
6,46.5,1.28E-06,37.10105,1.98128,3.86E-06,7.2608,6.10087,,1.62E-06,0.0243,91,3.60E-08,1.70E-06,2.30E-05,4.89E-19,9.73E-18,2.88E-13,4.27E-13
6,47,1.29E-06,37.10105,1.98128,4.00E-06,7.2608,6.10087,,1.63E-06,0.0243,91,3.73E-08,1.71E-06,2.38E-05,4.92E-19,1.01E-17,2.88E-13,4.27E-13
6,47.5,1.29E-06,37.10105,1.98128,4.14E-06,7.2608,6.10087,,1.64E-06,0.0243,91,3.86E-08,1.72E-06,2.47E-05,4.95E-19,1.04E-17,2.88E-13,4.27E-13
6,48,1.30E-06,37.10105,1.98128,4.29E-06,7.2608,6.10087,,1.64E-06,0.0243,91,4.00E-08,1.73E-06,2.55E-05,4.97E-19,1.08E-17,2.88E-13,4.27E-13
6,48.5,1.31E-06,37.10105,1.98128,4.44E-06,7.2608,6.10087,,1.65E-06,0.0243,91,4.14E-08,1.74E-06,2.64E-05,5.00E-19,1.11E-17,2.88E-13,4.27E-13
6,49,1.31E-06,37.10105,1.98128,4.60E-06,7.2608,6.10087,,1.66E-06,0.0243,91,4.29E-08,1.75E-06,2.73E-05,5.03E-19,1.15E-17,2.88E-13,4.27E-13
6,49.5,1.32E-06,37.10105,1.98128,4.76E-06,7.2608,6.10087,,1.67E-06,0.0243,91,4.44E-08,1.76E-06,2.82E-05,5.06E-19,1.19E-17,2.88E-13,4.27E-13
6,50,1.33E-06,37.10105,1.98128,4.93E-06,7.2608,6.10087,,1.68E-06,0.0243,91,4.60E-08,1.77E-06,2.92E-05,5.09E-19,1.23E-17,2.88E-13,4.27E-13
