run_ID,Time,CH4_aq,H2_aq,HCO3,HS,SO4,pH,Temp,CH4_g,CO2_g,H2_g,H2S_g,Biomass_MET,Biomass_SRB,TDS_initial
1,0,7.94E-07,37.24061,1.96934,2.80E-08,7.21702,6.10085,28.2,1.00E-06,0.02418,91,2.60E-10,1.00E-06,1.00E-06,127744
1,0.5,7.94E-07,37.24061,1.96934,2.85E-08,7.21702,6.10085,28.2,1.00E-06,0.02418,91,2.66E-10,1.00E-06,1.00E-06,127744
1,1,7.94E-07,37.24061,1.96934,2.91E-08,7.21702,6.10085,28.2,1.00E-06,0.02418,91,2.71E-10,1.00E-06,1.01E-06,127744
1,1.5,7.95E-07,37.24061,1.96934,2.97E-08,7.21702,6.10085,28.2,1.00E-06,0.02418,91,2.77E-10,1.00E-06,1.01E-06,127744
1,2,7.95E-07,37.24061,1.96934,3.03E-08,7.21702,6.10085,28.2,1.00E-06,0.02418,91,2.82E-10,1.00E-06,1.01E-06,127744
1,2.5,7.96E-07,37.24061,1.96934,3.09E-08,7.21702,6.10085,28.2,1.00E-06,0.02418,91,2.88E-10,1.00E-06,1.02E-06,127744
1,3,7.96E-07,37.24061,1.96934,3.15E-08,7.21702,6.10085,28.2,1.00E-06,0.02418,91,2.94E-10,1.00E-06,1.02E-06,127744
1,3.5,7.96E-07,37.24061,1.96934,3.21E-08,7.21702,6.10085,28.2,1.00E-06,0.02418,91,2.99E-10,1.00E-06,1.02E-06,127744
1,4,7.97E-07,37.24061,1.96934,3.27E-08,7.21702,6.10085,28.2,1.00E-06,0.02418,91,3.05E-10,1.00E-06,1.03E-06,127744
1,4.5,7.97E-07,37.24061,1.96934,3.33E-08,7.21702,6.10085,28.2,1.00E-06,0.02418,91,3.10E-10,1.01E-06,1.03E-06,127744
1,5,7.98E-07,37.24061,1.96934,3.39E-08,7.21702,6.10085,28.2,1.01E-06,0.02418,91,3.16E-10,1.01E-06,1.03E-06,127744
1,5.5,7.98E-07,37.24061,1.96934,3.45E-08,7.21702,6.10085,28.2,1.01E-06,0.02418,91,3.22E-10,1.01E-06,1.04E-06,127744
1,6,7.98E-07,37.24061,1.96934,3.51E-08,7.21702,6.10085,28.2,1.01E-06,0.02418,91,3.27E-10,1.01E-06,1.04E-06,127744
1,6.5,7.99E-07,37.24061,1.96934,3.57E-08,7.21702,6.10085,28.2,1.01E-06,0.02418,91,3.33E-10,1.01E-06,1.04E-06,127744
1,7,7.99E-07,37.24061,1.96934,3.63E-08,7.21702,6.10085,28.2,1.01E-06,0.02418,91,3.39E-10,1.01E-06,1.05E-06,127744
1,7.5,8.00E-07,37.24061,1.96934,3.70E-08,7.21702,6.10085,28.2,1.01E-06,0.02418,91,3.44E-10,1.01E-06,1.05E-06,127744
1,8,8.00E-07,37.24061,1.96934,3.76E-08,7.21702,6.10085,28.2,1.01E-06,0.02418,91,3.50E-10,1.01E-06,1.05E-06,127744
1,8.5,8.00E-07,37.24061,1.96934,3.82E-08,7.21702,6.10085,28.2,1.01E-06,0.02418,91,3.56E-10,1.01E-06,1.06E-06,127744
1,9,8.01E-07,37.24061,1.96934,3.88E-08,7.21702,6.10085,28.2,1.01E-06,0.02418,91,3.62E-10,1.01E-06,1.06E-06,127744
1,9.5,8.01E-07,37.24061,1.96934,3.94E-08,7.21702,6.10085,28.2,1.01E-06,0.02418,91,3.67E-10,1.01E-06,1.07E-06,127744
1,10,8.02E-07,37.24061,1.96934,4.01E-08,7.21702,6.10085,28.2,1.01E-06,0.02418,91,3.73E-10,1.01E-06,1.07E-06,127744
1,10.5,8.02E-07,37.24061,1.96934,4.07E-08,7.21702,6.10085,28.2,1.01E-06,0.02418,91,3.79E-10,1.01E-06,1.07E-06,127744
1,11,8.02E-07,37.24061,1.96934,4.13E-08,7.21702,6.10085,28.2,1.01E-06,0.02418,91,3.85E-10,1.01E-06,1.08E-06,127744
1,11.5,8.03E-07,37.24061,1.96934,4.19E-08,7.21702,6.10085,28.2,1.01E-06,0.02418,91,3.91E-10,1.01E-06,1.08E-06,127744
1,12,8.03E-07,37.24061,1.96934,4.26E-08,7.21702,6.10085,28.2,1.01E-06,0.02418,91,3.97E-10,1.01E-06,1.08E-06,127744
1,12.5,8.04E-07,37.24061,1.96934,4.32E-08,7.21702,6.10085,28.2,1.01E-06,0.02418,91,4.03E-10,1.01E-06,1.09E-06,127744
1,13,8.04E-07,37.24061,1.96934,4.38E-08,7.21702,6.10085,28.2,1.01E-06,0.02418,91,4.09E-10,1.01E-06,1.09E-06,127744
1,13.5,8.04E-07,37.24061,1.96934,4.45E-08,7.21702,6.10085,28.2,1.01E-06,0.02418,91,4.15E-10,1.02E-06,1.09E-06,127744
1,14,8.05E-07,37.24061,1.96934,4.51E-08,7.21702,6.10085,28.2,1.01E-06,0.02418,91,4.20E-10,1.02E-06,1.10E-06,127744
1,14.5,8.05E-07,37.24061,1.96934,4.58E-08,7.21702,6.10085,28.2,1.01E-06,0.02418,91,4.26E-10,1.02E-06,1.10E-06,127744
1,15,8.06E-07,37.24061,1.96934,4.64E-08,7.21702,6.10085,28.2,1.02E-06,0.02418,91,4.33E-10,1.02E-06,1.11E-06,127744
1,15.5,8.06E-07,37.24061,1.96934,4.71E-08,7.21702,6.10085,28.2,1.02E-06,0.02418,91,4.39E-10,1.02E-06,1.11E-06,127744
1,16,8.06E-07,37.24061,1.96934,4.77E-08,7.21702,6.10085,28.2,1.02E-06,0.02418,91,4.45E-10,1.02E-06,1.11E-06,127744
1,16.5,8.07E-07,37.24061,1.96934,4.84E-08,7.21702,6.10085,28.2,1.02E-06,0.02418,91,4.51E-10,1.02E-06,1.12E-06,127744
1,17,8.07E-07,37.24061,1.96934,4.90E-08,7.21702,6.10085,28.2,1.02E-06,0.02418,91,4.57E-10,1.02E-06,1.12E-06,127744
1,17.5,8.08E-07,37.24061,1.96934,4.97E-08,7.21702,6.10085,28.2,1.02E-06,0.02418,91,4.63E-10,1.02E-06,1.12E-06,127744
1,18,8.08E-07,37.24061,1.96934,5.03E-08,7.21702,6.10085,28.2,1.02E-06,0.02418,91,4.69E-10,1.02E-06,1.13E-06,127744
1,18.5,8.09E-07,37.24061,1.96934,5.10E-08,7.21702,6.10085,28.2,1.02E-06,0.02418,91,4.75E-10,1.02E-06,1.13E-06,127744
1,19,8.09E-07,37.24061,1.96934,5.17E-08,7.21702,6.10085,28.2,1.02E-06,0.02418,91,4.81E-10,1.02E-06,1.14E-06,127744
1,19.5,8.09E-07,37.24061,1.96934,5.23E-08,7.21702,6.10085,28.2,1.02E-06,0.02418,91,4.88E-10,1.02E-06,1.14E-06,127744
1,20,8.10E-07,37.24061,1.96934,5.30E-08,7.21702,6.10085,28.2,1.02E-06,0.02418,91,4.94E-10,1.02E-06,1.14E-06,127744
1,20.5,8.10E-07,37.24061,1.96934,5.37E-08,7.21702,6.10085,28.2,1.02E-06,0.02418,91,5.00E-10,1.02E-06,1.15E-06,127744
1,21,8.11E-07,37.24061,1.96934,5.43E-08,7.21702,6.10085,28.2,1.02E-06,0.02418,91,5.06E-10,1.02E-06,1.15E-06,127744
1,21.5,8.11E-07,37.24061,1.96934,5.50E-08,7.21702,6.10085,28.2,1.02E-06,0.02418,91,5.13E-10,1.02E-06,1.15E-06,127744
1,22,8.11E-07,37.24061,1.96934,5.57E-08,7.21702,6.10085,28.2,1.02E-06,0.02418,91,5.19E-10,1.03E-06,1.16E-06,127744
1,22.5,8.12E-07,37.24061,1.96934,5.64E-08,7.21702,6.10085,28.2,1.02E-06,0.02418,91,5.25E-10,1.03E-06,1.16E-06,127744
1,23,8.12E-07,37.24061,1.96934,5.70E-08,7.21702,6.10085,28.2,1.02E-06,0.02418,91,5.32E-10,1.03E-06,1.17E-06,127744
1,23.5,8.13E-07,37.24061,1.96934,5.77E-08,7.21702,6.10085,28.2,1.02E-06,0.02418,91,5.38E-10,1.03E-06,1.17E-06,127744
1,24,8.13E-07,37.24061,1.96934,5.84E-08,7.21702,6.10085,28.2,1.02E-06,0.02418,91,5.44E-10,1.03E-06,1.17E-06,127744
1,24.5,8.13E-07,37.24061,1.96934,5.91E-08,7.21702,6.10085,28.2,1.03E-06,0.02418,91,5.51E-10,1.03E-06,1.18E-06,127744
1,25,8.14E-07,37.24061,1.96934,5.98E-08,7.21702,6.10085,28.2,1.03E-06,0.02418,91,5.57E-10,1.03E-06,1.18E-06,127744
1,25.5,8.14E-07,37.24061,1.96934,6.05E-08,7.21702,6.10085,28.2,1.03E-06,0.02418,91,5.64E-10,1.03E-06,1.19E-06,127744
1,26,8.15E-07,37.24061,1.96934,6.12E-08,7.21702,6.10085,28.2,1.03E-06,0.02418,91,5.70E-10,1.03E-06,1.19E-06,127744
1,26.5,8.15E-07,37.24061,1.96934,6.19E-08,7.21702,6.10085,28.2,1.03E-06,0.02418,91,5.77E-10,1.03E-06,1.19E-06,127744
1,27,8.15E-07,37.24061,1.96934,6.26E-08,7.21702,6.10085,28.2,1.03E-06,0.02418,91,5.83E-10,1.03E-06,1.20E-06,127744
1,27.5,8.16E-07,37.24061,1.96934,6.33E-08,7.21702,6.10085,28.2,1.03E-06,0.02418,91,5.90E-10,1.03E-06,1.20E-06,127744
1,28,8.16E-07,37.24061,1.96934,6.40E-08,7.21702,6.10085,28.2,1.03E-06,0.02418,91,5.96E-10,1.03E-06,1.21E-06,127744
1,28.5,8.17E-07,37.24061,1.96934,6.47E-08,7.21702,6.10085,28.2,1.03E-06,0.02418,91,6.03E-10,1.03E-06,1.21E-06,127744
1,29,8.17E-07,37.24061,1.96934,6.54E-08,7.21702,6.10085,28.2,1.03E-06,0.02418,91,6.09E-10,1.03E-06,1.21E-06,127744
1,29.5,8.18E-07,37.24061,1.96934,6.61E-08,7.21702,6.10085,28.2,1.03E-06,0.02418,91,6.16E-10,1.03E-06,1.22E-06,127744
1,30,8.18E-07,37.24061,1.96934,6.68E-08,7.21702,6.10085,28.2,1.03E-06,0.02418,91,6.23E-10,1.03E-06,1.22E-06,127744
1,30.5,8.18E-07,37.24061,1.96934,6.75E-08,7.21702,6.10085,28.2,1.03E-06,0.02418,91,6.29E-10,1.04E-06,1.23E-06,127744
1,31,8.19E-07,37.24061,1.96934,6.83E-08,7.21702,6.10085,28.2,1.03E-06,0.02418,91,6.36E-10,1.04E-06,1.23E-06,127744
1,31.5,8.19E-07,37.24061,1.96934,6.90E-08,7.21702,6.10085,28.2,1.03E-06,0.02418,91,6.43E-10,1.04E-06,1.23E-06,127744
1,32,8.20E-07,37.24061,1.96934,6.97E-08,7.21702,6.10085,28.2,1.03E-06,0.02418,91,6.49E-10,1.04E-06,1.24E-06,127744
1,32.5,8.20E-07,37.24061,1.96934,7.04E-08,7.21702,6.10085,28.2,1.03E-06,0.02418,91,6.56E-10,1.04E-06,1.24E-06,127744
1,33,8.20E-07,37.24061,1.96934,7.12E-08,7.21702,6.10085,28.2,1.03E-06,0.02418,91,6.63E-10,1.04E-06,1.25E-06,127744
1,33.5,8.21E-07,37.24061,1.96934,7.19E-08,7.21702,6.10085,28.2,1.03E-06,0.02418,91,6.70E-10,1.04E-06,1.25E-06,127744
1,34,8.21E-07,37.24061,1.96934,7.26E-08,7.21702,6.10085,28.2,1.03E-06,0.02418,91,6.77E-10,1.04E-06,1.25E-06,127744
1,34.5,8.22E-07,37.24061,1.96934,7.34E-08,7.21702,6.10085,28.2,1.04E-06,0.02418,91,6.84E-10,1.04E-06,1.26E-06,127744
1,35,8.22E-07,37.24061,1.96934,7.41E-08,7.21702,6.10085,28.2,1.04E-06,0.02418,91,6.90E-10,1.04E-06,1.26E-06,127744
1,35.5,8.23E-07,37.24061,1.96934,7.48E-08,7.21702,6.10085,28.2,1.04E-06,0.02418,91,6.97E-10,1.04E-06,1.27E-06,127744
1,36,8.23E-07,37.24061,1.96934,7.56E-08,7.21702,6.10085,28.2,1.04E-06,0.02418,91,7.04E-10,1.04E-06,1.27E-06,127744
1,36.5,8.23E-07,37.24061,1.96934,7.63E-08,7.21702,6.10085,28.2,1.04E-06,0.02418,91,7.11E-10,1.04E-06,1.28E-06,127744
1,37,8.24E-07,37.24061,1.96934,7.71E-08,7.21702,6.10085,28.2,1.04E-06,0.02418,91,7.18E-10,1.04E-06,1.28E-06,127744
1,37.5,8.24E-07,37.24061,1.96934,7.78E-08,7.21702,6.10085,28.2,1.04E-06,0.02418,91,7.25E-10,1.04E-06,1.28E-06,127744
1,38,8.25E-07,37.24061,1.96934,7.86E-08,7.21702,6.10085,28.2,1.04E-06,0.02418,91,7.32E-10,1.04E-06,1.29E-06,127744
1,38.5,8.25E-07,37.24061,1.96934,7.93E-08,7.21702,6.10085,28.2,1.04E-06,0.02418,91,7.39E-10,1.04E-06,1.29E-06,127744
1,39,8.25E-07,37.24061,1.96934,8.01E-08,7.21702,6.10085,28.2,1.04E-06,0.02418,91,7.46E-10,1.05E-06,1.30E-06,127744
1,39.5,8.26E-07,37.24061,1.96934,8.08E-08,7.21702,6.10085,28.2,1.04E-06,0.02418,91,7.53E-10,1.05E-06,1.30E-06,127744
1,40,8.26E-07,37.24061,1.96934,8.16E-08,7.21702,6.10085,28.2,1.04E-06,0.02418,91,7.60E-10,1.05E-06,1.31E-06,127744
1,40.5,8.27E-07,37.24061,1.96934,8.24E-08,7.21702,6.10085,28.2,1.04E-06,0.02418,91,7.68E-10,1.05E-06,1.31E-06,127744
1,41,8.27E-07,37.24061,1.96934,8.31E-08,7.21702,6.10085,28.2,1.04E-06,0.02418,91,7.75E-10,1.05E-06,1.31E-06,127744
1,41.5,8.28E-07,37.24061,1.96934,8.39E-08,7.21702,6.10085,28.2,1.04E-06,0.02418,91,7.82E-10,1.05E-06,1.32E-06,127744
1,42,8.28E-07,37.24061,1.96934,8.47E-08,7.21702,6.10085,28.2,1.04E-06,0.02418,91,7.89E-10,1.05E-06,1.32E-06,127744
1,42.5,8.28E-07,37.24061,1.96934,8.55E-08,7.21702,6.10085,28.2,1.04E-06,0.02418,91,7.96E-10,1.05E-06,1.33E-06,127744
1,43,8.29E-07,37.24061,1.96934,8.62E-08,7.21702,6.10085,28.2,1.04E-06,0.02418,91,8.04E-10,1.05E-06,1.33E-06,127744
1,43.5,8.29E-07,37.24061,1.96934,8.70E-08,7.21702,6.10085,28.2,1.04E-06,0.02418,91,8.11E-10,1.05E-06,1.34E-06,127744
1,44,8.30E-07,37.24061,1.96934,8.78E-08,7.21702,6.10085,28.2,1.05E-06,0.02418,91,8.18E-10,1.05E-06,1.34E-06,127744
1,44.5,8.30E-07,37.24061,1.96934,8.86E-08,7.21702,6.10085,28.2,1.05E-06,0.02418,91,8.25E-10,1.05E-06,1.35E-06,127744
1,45,8.30E-07,37.24061,1.96934,8.94E-08,7.21702,6.10085,28.2,1.05E-06,0.02418,91,8.33E-10,1.05E-06,1.35E-06,127744
1,45.5,8.31E-07,37.24061,1.96934,9.02E-08,7.21702,6.10085,28.2,1.05E-06,0.02418,91,8.40E-10,1.05E-06,1.35E-06,127744
1,46,8.31E-07,37.24061,1.96934,9.10E-08,7.21702,6.10085,28.2,1.05E-06,0.02418,91,8.48E-10,1.05E-06,1.36E-06,127744
1,46.5,8.32E-07,37.24061,1.96934,9.18E-08,7.21702,6.10085,28.2,1.05E-06,0.02418,91,8.55E-10,1.05E-06,1.36E-06,127744
1,47,8.32E-07,37.24061,1.96934,9.26E-08,7.21702,6.10085,28.2,1.05E-06,0.02418,91,8.62E-10,1.05E-06,1.37E-06,127744
1,47.5,8.33E-07,37.24061,1.96934,9.34E-08,7.21702,6.10085,28.2,1.05E-06,0.02418,91,8.70E-10,1.06E-06,1.37E-06,127744
1,48,8.33E-07,37.24061,1.96934,9.42E-08,7.21702,6.10085,28.2,1.05E-06,0.02418,91,8.77E-10,1.06E-06,1.38E-06,127744
1,48.5,8.33E-07,37.24061,1.96934,9.50E-08,7.21702,6.10085,28.2,1.05E-06,0.02418,91,8.85E-10,1.06E-06,1.38E-06,127744
1,49,8.34E-07,37.24061,1.96934,9.58E-08,7.21702,6.10085,28.2,1.05E-06,0.02418,91,8.92E-10,1.06E-06,1.39E-06,127744
1,49.5,8.34E-07,37.24061,1.96934,9.66E-08,7.21702,6.10085,28.2,1.05E-06,0.02418,91,9.00E-10,1.06E-06,1.39E-06,127744
1,50,8.35E-07,37.24061,1.96934,9.74E-08,7.21702,6.10085,28.2,1.05E-06,0.02418,91,9.08E-10,1.06E-06,1.40E-06,127744
2,0,1.27E-06,59.47443,0.52357,2.97E-08,1.91872,6.1,28.2,1.00E-06,0.0077,91,2.53E-10,1.00E-06,1.00E-06,31936
2,0.5,1.27E-06,59.47443,0.52357,3.04E-08,1.91872,6.1,28.2,1.00E-06,0.0077,91,2.58E-10,1.00E-06,1.00E-06,31936
2,1,1.27E-06,59.47443,0.52357,3.10E-08,1.91872,6.1,28.2,1.00E-06,0.0077,91,2.63E-10,1.00E-06,1.01E-06,31936
2,1.5,1.27E-06,59.47443,0.52357,3.16E-08,1.91872,6.1,28.2,1.00E-06,0.0077,91,2.69E-10,1.00E-06,1.01E-06,31936
2,2,1.27E-06,59.47443,0.52357,3.23E-08,1.91872,6.1,28.2,1.00E-06,0.0077,91,2.74E-10,1.00E-06,1.01E-06,31936
2,2.5,1.27E-06,59.47443,0.52357,3.29E-08,1.91872,6.1,28.2,1.00E-06,0.0077,91,2.80E-10,1.00E-06,1.02E-06,31936
2,3,1.27E-06,59.47443,0.52357,3.35E-08,1.91872,6.1,28.2,1.00E-06,0.0077,91,2.85E-10,1.00E-06,1.02E-06,31936
2,3.5,1.27E-06,59.47443,0.52357,3.42E-08,1.91872,6.1,28.2,1.00E-06,0.0077,91,2.90E-10,1.00E-06,1.02E-06,31936
2,4,1.27E-06,59.47443,0.52357,3.48E-08,1.91872,6.1,28.2,1.00E-06,0.0077,91,2.96E-10,1.00E-06,1.03E-06,31936
2,4.5,1.27E-06,59.47443,0.52357,3.55E-08,1.91872,6.1,28.2,1.00E-06,0.0077,91,3.01E-10,1.01E-06,1.03E-06,31936
2,5,1.27E-06,59.47443,0.52357,3.61E-08,1.91872,6.1,28.2,1.00E-06,0.0077,91,3.07E-10,1.01E-06,1.03E-06,31936
2,5.5,1.27E-06,59.47443,0.52357,3.68E-08,1.91872,6.1,28.2,1.00E-06,0.0077,91,3.13E-10,1.01E-06,1.04E-06,31936
2,6,1.27E-06,59.47443,0.52357,3.74E-08,1.91872,6.1,28.2,1.00E-06,0.0077,91,3.18E-10,1.01E-06,1.04E-06,31936
2,6.5,1.27E-06,59.47443,0.52357,3.81E-08,1.91872,6.1,28.2,1.00E-06,0.0077,91,3.24E-10,1.01E-06,1.04E-06,31936
2,7,1.27E-06,59.47443,0.52357,3.88E-08,1.91872,6.1,28.2,1.00E-06,0.0077,91,3.29E-10,1.01E-06,1.05E-06,31936
2,7.5,1.27E-06,59.47443,0.52357,3.94E-08,1.91872,6.1,28.2,1.01E-06,0.0077,91,3.35E-10,1.01E-06,1.05E-06,31936
2,8,1.27E-06,59.47443,0.52357,4.01E-08,1.91872,6.1,28.2,1.01E-06,0.0077,91,3.41E-10,1.01E-06,1.05E-06,31936
2,8.5,1.27E-06,59.47443,0.52357,4.08E-08,1.91872,6.1,28.2,1.01E-06,0.0077,91,3.46E-10,1.01E-06,1.06E-06,31936
2,9,1.28E-06,59.47443,0.52357,4.14E-08,1.91872,6.1,28.2,1.01E-06,0.0077,91,3.52E-10,1.01E-06,1.06E-06,31936
2,9.5,1.28E-06,59.47443,0.52357,4.21E-08,1.91872,6.1,28.2,1.01E-06,0.0077,91,3.58E-10,1.01E-06,1.06E-06,31936
2,10,1.28E-06,59.47443,0.52357,4.28E-08,1.91872,6.1,28.2,1.01E-06,0.0077,91,3.63E-10,1.01E-06,1.07E-06,31936
2,10.5,1.28E-06,59.47443,0.52357,4.34E-08,1.91872,6.1,28.2,1.01E-06,0.0077,91,3.69E-10,1.01E-06,1.07E-06,31936
2,11,1.28E-06,59.47443,0.52357,4.41E-08,1.91872,6.1,28.2,1.01E-06,0.0077,91,3.75E-10,1.01E-06,1.07E-06,31936
2,11.5,1.28E-06,59.47443,0.52357,4.48E-08,1.91872,6.1,28.2,1.01E-06,0.0077,91,3.81E-10,1.01E-06,1.08E-06,31936
2,12,1.28E-06,59.47443,0.52357,4.55E-08,1.91872,6.1,28.2,1.01E-06,0.0077,91,3.86E-10,1.01E-06,1.08E-06,31936
2,12.5,1.28E-06,59.47443,0.52357,4.62E-08,1.91872,6.1,28.2,1.01E-06,0.0077,91,3.92E-10,1.01E-06,1.09E-06,31936
2,13,1.28E-06,59.47443,0.52357,4.69E-08,1.91872,6.1,28.2,1.01E-06,0.0077,91,3.98E-10,1.01E-06,1.09E-06,31936
2,13.5,1.28E-06,59.47443,0.52357,4.75E-08,1.91872,6.1,28.2,1.01E-06,0.0077,91,4.04E-10,1.02E-06,1.09E-06,31936
2,14,1.28E-06,59.47443,0.52357,4.82E-08,1.91872,6.1,28.2,1.01E-06,0.0077,91,4.10E-10,1.02E-06,1.10E-06,31936
2,14.5,1.28E-06,59.47443,0.52357,4.89E-08,1.91872,6.1,28.2,1.01E-06,0.0077,91,4.16E-10,1.02E-06,1.10E-06,31936
2,15,1.28E-06,59.47443,0.52357,4.96E-08,1.91872,6.1,28.2,1.01E-06,0.0077,91,4.21E-10,1.02E-06,1.10E-06,31936
2,15.5,1.28E-06,59.47443,0.52357,5.03E-08,1.91872,6.1,28.2,1.01E-06,0.0077,91,4.27E-10,1.02E-06,1.11E-06,31936
2,16,1.28E-06,59.47443,0.52357,5.10E-08,1.91872,6.1,28.2,1.01E-06,0.0077,91,4.33E-10,1.02E-06,1.11E-06,31936
2,16.5,1.28E-06,59.47443,0.52357,5.17E-08,1.91872,6.1,28.2,1.01E-06,0.0077,91,4.39E-10,1.02E-06,1.11E-06,31936
2,17,1.28E-06,59.47443,0.52357,5.24E-08,1.91872,6.1,28.2,1.01E-06,0.0077,91,4.45E-10,1.02E-06,1.12E-06,31936
2,17.5,1.28E-06,59.47443,0.52357,5.31E-08,1.91872,6.1,28.2,1.01E-06,0.0077,91,4.51E-10,1.02E-06,1.12E-06,31936
2,18,1.28E-06,59.47443,0.52357,5.38E-08,1.91872,6.1,28.2,1.01E-06,0.0077,91,4.57E-10,1.02E-06,1.12E-06,31936
2,18.5,1.28E-06,59.47443,0.52357,5.45E-08,1.91872,6.1,28.2,1.01E-06,0.0077,91,4.63E-10,1.02E-06,1.13E-06,31936
2,19,1.28E-06,59.47443,0.52357,5.53E-08,1.91872,6.1,28.2,1.01E-06,0.0077,91,4.69E-10,1.02E-06,1.13E-06,31936
2,19.5,1.28E-06,59.47443,0.52357,5.60E-08,1.91872,6.1,28.2,1.01E-06,0.0077,91,4.75E-10,1.02E-06,1.14E-06,31936
2,20,1.29E-06,59.47443,0.52357,5.67E-08,1.91872,6.1,28.2,1.01E-06,0.0077,91,4.82E-10,1.02E-06,1.14E-06,31936
2,20.5,1.29E-06,59.47443,0.52357,5.74E-08,1.91872,6.1,28.2,1.01E-06,0.0077,91,4.88E-10,1.02E-06,1.14E-06,31936
2,21,1.29E-06,59.47443,0.52357,5.81E-08,1.91872,6.1,28.2,1.01E-06,0.0077,91,4.94E-10,1.02E-06,1.15E-06,31936
2,21.5,1.29E-06,59.47443,0.52357,5.89E-08,1.91872,6.1,28.2,1.02E-06,0.0077,91,5.00E-10,1.02E-06,1.15E-06,31936
2,22,1.29E-06,59.47443,0.52357,5.96E-08,1.91872,6.1,28.2,1.02E-06,0.0077,91,5.06E-10,1.03E-06,1.15E-06,31936
2,22.5,1.29E-06,59.47443,0.52357,6.03E-08,1.91872,6.1,28.2,1.02E-06,0.0077,91,5.12E-10,1.03E-06,1.16E-06,31936
2,23,1.29E-06,59.47443,0.52357,6.11E-08,1.91872,6.1,28.2,1.02E-06,0.0077,91,5.19E-10,1.03E-06,1.16E-06,31936
2,23.5,1.29E-06,59.47443,0.52357,6.18E-08,1.91872,6.1,28.2,1.02E-06,0.0077,91,5.25E-10,1.03E-06,1.17E-06,31936
2,24,1.29E-06,59.47443,0.52357,6.25E-08,1.91872,6.1,28.2,1.02E-06,0.0077,91,5.31E-10,1.03E-06,1.17E-06,31936
2,24.5,1.29E-06,59.47443,0.52357,6.33E-08,1.91872,6.1,28.2,1.02E-06,0.0077,91,5.37E-10,1.03E-06,1.17E-06,31936
2,25,1.29E-06,59.47443,0.52357,6.40E-08,1.91872,6.1,28.2,1.02E-06,0.0077,91,5.44E-10,1.03E-06,1.18E-06,31936
2,25.5,1.29E-06,59.47443,0.52357,6.47E-08,1.91872,6.1,28.2,1.02E-06,0.0077,91,5.50E-10,1.03E-06,1.18E-06,31936
2,26,1.29E-06,59.47443,0.52357,6.55E-08,1.91872,6.1,28.2,1.02E-06,0.0077,91,5.56E-10,1.03E-06,1.18E-06,31936
2,26.5,1.29E-06,59.47443,0.52357,6.62E-08,1.91872,6.1,28.2,1.02E-06,0.0077,91,5.63E-10,1.03E-06,1.19E-06,31936
2,27,1.29E-06,59.47443,0.52357,6.70E-08,1.91872,6.1,28.2,1.02E-06,0.0077,91,5.69E-10,1.03E-06,1.19E-06,31936
2,27.5,1.29E-06,59.47443,0.52357,6.77E-08,1.91872,6.1,28.2,1.02E-06,0.0077,91,5.75E-10,1.03E-06,1.20E-06,31936
2,28,1.29E-06,59.47443,0.52357,6.85E-08,1.91872,6.1,28.2,1.02E-06,0.0077,91,5.82E-10,1.03E-06,1.20E-06,31936
2,28.5,1.29E-06,59.47443,0.52357,6.93E-08,1.91872,6.1,28.2,1.02E-06,0.0077,91,5.88E-10,1.03E-06,1.20E-06,31936
2,29,1.29E-06,59.47443,0.52357,7.00E-08,1.91872,6.1,28.2,1.02E-06,0.0077,91,5.95E-10,1.03E-06,1.21E-06,31936
2,29.5,1.29E-06,59.47443,0.52357,7.08E-08,1.91872,6.1,28.2,1.02E-06,0.0077,91,6.01E-10,1.03E-06,1.21E-06,31936
2,30,1.29E-06,59.47443,0.52357,7.16E-08,1.91872,6.1,28.2,1.02E-06,0.0077,91,6.08E-10,1.03E-06,1.22E-06,31936
2,30.5,1.29E-06,59.47443,0.52357,7.23E-08,1.91872,6.1,28.2,1.02E-06,0.0077,91,6.14E-10,1.04E-06,1.22E-06,31936
2,31,1.30E-06,59.47443,0.52357,7.31E-08,1.91872,6.1,28.2,1.02E-06,0.0077,91,6.21E-10,1.04E-06,1.22E-06,31936
2,31.5,1.30E-06,59.47443,0.52357,7.39E-08,1.91872,6.1,28.2,1.02E-06,0.0077,91,6.27E-10,1.04E-06,1.23E-06,31936
2,32,1.30E-06,59.47443,0.52357,7.46E-08,1.91872,6.1,28.2,1.02E-06,0.0077,91,6.34E-10,1.04E-06,1.23E-06,31936
2,32.5,1.30E-06,59.47443,0.52357,7.54E-08,1.91872,6.1,28.2,1.02E-06,0.0077,91,6.41E-10,1.04E-06,1.24E-06,31936
2,33,1.30E-06,59.47443,0.52357,7.62E-08,1.91872,6.1,28.2,1.02E-06,0.0077,91,6.47E-10,1.04E-06,1.24E-06,31936
2,33.5,1.30E-06,59.47443,0.52357,7.70E-08,1.91872,6.1,28.2,1.02E-06,0.0077,91,6.54E-10,1.04E-06,1.24E-06,31936
2,34,1.30E-06,59.47443,0.52357,7.78E-08,1.91872,6.1,28.2,1.02E-06,0.0077,91,6.61E-10,1.04E-06,1.25E-06,31936
2,34.5,1.30E-06,59.47443,0.52357,7.86E-08,1.91872,6.1,28.2,1.02E-06,0.0077,91,6.67E-10,1.04E-06,1.25E-06,31936
2,35,1.30E-06,59.47443,0.52357,7.94E-08,1.91872,6.1,28.2,1.02E-06,0.0077,91,6.74E-10,1.04E-06,1.26E-06,31936
2,35.5,1.30E-06,59.47443,0.52357,8.02E-08,1.91872,6.1,28.2,1.03E-06,0.0077,91,6.81E-10,1.04E-06,1.26E-06,31936
2,36,1.30E-06,59.47443,0.52357,8.09E-08,1.91872,6.1,28.2,1.03E-06,0.0077,91,6.88E-10,1.04E-06,1.26E-06,31936
2,36.5,1.30E-06,59.47443,0.52357,8.17E-08,1.91872,6.1,28.2,1.03E-06,0.0077,91,6.94E-10,1.04E-06,1.27E-06,31936
2,37,1.30E-06,59.47443,0.52357,8.26E-08,1.91872,6.1,28.2,1.03E-06,0.0077,91,7.01E-10,1.04E-06,1.27E-06,31936
2,37.5,1.30E-06,59.47443,0.52357,8.34E-08,1.91872,6.1,28.2,1.03E-06,0.0077,91,7.08E-10,1.04E-06,1.28E-06,31936
2,38,1.30E-06,59.47443,0.52357,8.42E-08,1.91872,6.1,28.2,1.03E-06,0.0077,91,7.15E-10,1.04E-06,1.28E-06,31936
2,38.5,1.30E-06,59.47443,0.52357,8.50E-08,1.91872,6.1,28.2,1.03E-06,0.0077,91,7.22E-10,1.04E-06,1.29E-06,31936
2,39,1.30E-06,59.47443,0.52357,8.58E-08,1.91872,6.1,28.2,1.03E-06,0.0077,91,7.29E-10,1.05E-06,1.29E-06,31936
2,39.5,1.30E-06,59.47443,0.52357,8.66E-08,1.91872,6.1,28.2,1.03E-06,0.0077,91,7.36E-10,1.05E-06,1.29E-06,31936
2,40,1.30E-06,59.47443,0.52357,8.74E-08,1.91872,6.1,28.2,1.03E-06,0.0077,91,7.43E-10,1.05E-06,1.30E-06,31936
2,40.5,1.30E-06,59.47443,0.52357,8.82E-08,1.91872,6.1,28.2,1.03E-06,0.0077,91,7.50E-10,1.05E-06,1.30E-06,31936
2,41,1.30E-06,59.47443,0.52357,8.91E-08,1.91872,6.1,28.2,1.03E-06,0.0077,91,7.57E-10,1.05E-06,1.31E-06,31936
2,41.5,1.30E-06,59.47443,0.52357,8.99E-08,1.91872,6.1,28.2,1.03E-06,0.0077,91,7.64E-10,1.05E-06,1.31E-06,31936
2,42,1.31E-06,59.47443,0.52357,9.07E-08,1.91872,6.1,28.2,1.03E-06,0.0077,91,7.71E-10,1.05E-06,1.32E-06,31936
2,42.5,1.31E-06,59.47443,0.52357,9.16E-08,1.91872,6.1,28.2,1.03E-06,0.0077,91,7.78E-10,1.05E-06,1.32E-06,31936
2,43,1.31E-06,59.47443,0.52357,9.24E-08,1.91872,6.1,28.2,1.03E-06,0.0077,91,7.85E-10,1.05E-06,1.32E-06,31936
2,43.5,1.31E-06,59.47443,0.52357,9.32E-08,1.91872,6.1,28.2,1.03E-06,0.0077,91,7.92E-10,1.05E-06,1.33E-06,31936
2,44,1.31E-06,59.47443,0.52357,9.41E-08,1.91872,6.1,28.2,1.03E-06,0.0077,91,7.99E-10,1.05E-06,1.33E-06,31936
2,44.5,1.31E-06,59.47443,0.52357,9.49E-08,1.91872,6.1,28.2,1.03E-06,0.0077,91,8.06E-10,1.05E-06,1.34E-06,31936
2,45,1.31E-06,59.47443,0.52357,9.58E-08,1.91872,6.1,28.2,1.03E-06,0.0077,91,8.13E-10,1.05E-06,1.34E-06,31936
2,45.5,1.31E-06,59.47443,0.52357,9.66E-08,1.91872,6.1,28.2,1.03E-06,0.0077,91,8.21E-10,1.05E-06,1.35E-06,31936
2,46,1.31E-06,59.47443,0.52357,9.74E-08,1.91872,6.1,28.2,1.03E-06,0.0077,91,8.28E-10,1.05E-06,1.35E-06,31936
2,46.5,1.31E-06,59.47443,0.52357,9.83E-08,1.91872,6.1,28.2,1.03E-06,0.0077,91,8.35E-10,1.05E-06,1.35E-06,31936
2,47,1.31E-06,59.47443,0.52357,9.92E-08,1.91872,6.1,28.2,1.03E-06,0.0077,91,8.42E-10,1.05E-06,1.36E-06,31936
2,47.5,1.31E-06,59.47443,0.52357,1.00E-07,1.91872,6.1,28.2,1.03E-06,0.0077,91,8.50E-10,1.06E-06,1.36E-06,31936
2,48,1.31E-06,59.47443,0.52357,1.01E-07,1.91872,6.1,28.2,1.03E-06,0.0077,91,8.57E-10,1.06E-06,1.37E-06,31936
2,48.5,1.31E-06,59.47443,0.52357,1.02E-07,1.91872,6.1,28.2,1.03E-06,0.0077,91,8.64E-10,1.06E-06,1.37E-06,31936
2,49,1.31E-06,59.47443,0.52357,1.03E-07,1.91872,6.1,28.2,1.03E-06,0.0077,91,8.72E-10,1.06E-06,1.38E-06,31936
2,49.5,1.31E-06,59.47443,0.52357,1.03E-07,1.91872,6.1,28.2,1.04E-06,0.0077,91,8.79E-10,1.06E-06,1.38E-06,31936
2,50,1.31E-06,59.47443,0.52357,1.04E-07,1.91872,6.1,28.2,1.04E-06,0.0077,91,8.86E-10,1.06E-06,1.39E-06,31936
3,0,1.07E-06,50.42679,1.0252,2.91E-08,3.75704,6.10013,28.2,1.00E-06,0.01394,91,2.54E-10,1.00E-06,1.00E-06,63872
3,0.5,1.07E-06,50.42679,1.0252,2.97E-08,3.75704,6.10013,28.2,1.00E-06,0.01394,91,2.59E-10,1.00E-06,1.00E-06,63872
3,1,1.08E-06,50.42679,1.0252,3.03E-08,3.75704,6.10013,28.2,1.00E-06,0.01394,91,2.65E-10,1.00E-06,1.01E-06,63872
3,1.5,1.08E-06,50.42679,1.0252,3.10E-08,3.75704,6.10013,28.2,1.00E-06,0.01394,91,2.70E-10,1.00E-06,1.01E-06,63872
3,2,1.08E-06,50.42679,1.0252,3.16E-08,3.75704,6.10013,28.2,1.00E-06,0.01394,91,2.75E-10,1.00E-06,1.01E-06,63872
3,2.5,1.08E-06,50.42679,1.0252,3.22E-08,3.75704,6.10013,28.2,1.00E-06,0.01394,91,2.81E-10,1.00E-06,1.02E-06,63872
3,3,1.08E-06,50.42679,1.0252,3.29E-08,3.75704,6.10013,28.2,1.00E-06,0.01394,91,2.86E-10,1.00E-06,1.02E-06,63872
3,3.5,1.08E-06,50.42679,1.0252,3.35E-08,3.75704,6.10013,28.2,1.00E-06,0.01394,91,2.92E-10,1.00E-06,1.02E-06,63872
3,4,1.08E-06,50.42679,1.0252,3.41E-08,3.75704,6.10013,28.2,1.00E-06,0.01394,91,2.98E-10,1.00E-06,1.03E-06,63872
3,4.5,1.08E-06,50.42679,1.0252,3.48E-08,3.75704,6.10013,28.2,1.00E-06,0.01394,91,3.03E-10,1.01E-06,1.03E-06,63872
3,5,1.08E-06,50.42679,1.0252,3.54E-08,3.75704,6.10013,28.2,1.00E-06,0.01394,91,3.09E-10,1.01E-06,1.03E-06,63872
3,5.5,1.08E-06,50.42679,1.0252,3.60E-08,3.75704,6.10013,28.2,1.00E-06,0.01394,91,3.14E-10,1.01E-06,1.04E-06,63872
3,6,1.08E-06,50.42679,1.0252,3.67E-08,3.75704,6.10013,28.2,1.00E-06,0.01394,91,3.20E-10,1.01E-06,1.04E-06,63872
3,6.5,1.08E-06,50.42679,1.0252,3.73E-08,3.75704,6.10013,28.2,1.01E-06,0.01394,91,3.25E-10,1.01E-06,1.04E-06,63872
3,7,1.08E-06,50.42679,1.0252,3.80E-08,3.75704,6.10013,28.2,1.01E-06,0.01394,91,3.31E-10,1.01E-06,1.05E-06,63872
3,7.5,1.08E-06,50.42679,1.0252,3.86E-08,3.75704,6.10013,28.2,1.01E-06,0.01394,91,3.37E-10,1.01E-06,1.05E-06,63872
3,8,1.08E-06,50.42679,1.0252,3.93E-08,3.75704,6.10013,28.2,1.01E-06,0.01394,91,3.42E-10,1.01E-06,1.05E-06,63872
3,8.5,1.08E-06,50.42679,1.0252,3.99E-08,3.75704,6.10013,28.2,1.01E-06,0.01394,91,3.48E-10,1.01E-06,1.06E-06,63872
3,9,1.08E-06,50.42679,1.0252,4.06E-08,3.75704,6.10013,28.2,1.01E-06,0.01394,91,3.54E-10,1.01E-06,1.06E-06,63872
3,9.5,1.08E-06,50.42679,1.0252,4.12E-08,3.75704,6.10013,28.2,1.01E-06,0.01394,91,3.60E-10,1.01E-06,1.06E-06,63872
3,10,1.08E-06,50.42679,1.0252,4.19E-08,3.75704,6.10013,28.2,1.01E-06,0.01394,91,3.65E-10,1.01E-06,1.07E-06,63872
3,10.5,1.08E-06,50.42679,1.0252,4.26E-08,3.75704,6.10013,28.2,1.01E-06,0.01394,91,3.71E-10,1.01E-06,1.07E-06,63872
3,11,1.08E-06,50.42679,1.0252,4.32E-08,3.75704,6.10013,28.2,1.01E-06,0.01394,91,3.77E-10,1.01E-06,1.08E-06,63872
3,11.5,1.08E-06,50.42679,1.0252,4.39E-08,3.75704,6.10013,28.2,1.01E-06,0.01394,91,3.83E-10,1.01E-06,1.08E-06,63872
3,12,1.08E-06,50.42679,1.0252,4.46E-08,3.75704,6.10013,28.2,1.01E-06,0.01394,91,3.89E-10,1.01E-06,1.08E-06,63872
3,12.5,1.09E-06,50.42679,1.0252,4.52E-08,3.75704,6.10013,28.2,1.01E-06,0.01394,91,3.95E-10,1.01E-06,1.09E-06,63872
3,13,1.09E-06,50.42679,1.0252,4.59E-08,3.75704,6.10013,28.2,1.01E-06,0.01394,91,4.00E-10,1.01E-06,1.09E-06,63872
3,13.5,1.09E-06,50.42679,1.0252,4.66E-08,3.75704,6.10013,28.2,1.01E-06,0.01394,91,4.06E-10,1.02E-06,1.09E-06,63872
3,14,1.09E-06,50.42679,1.0252,4.73E-08,3.75704,6.10013,28.2,1.01E-06,0.01394,91,4.12E-10,1.02E-06,1.10E-06,63872
3,14.5,1.09E-06,50.42679,1.0252,4.80E-08,3.75704,6.10013,28.2,1.01E-06,0.01394,91,4.18E-10,1.02E-06,1.10E-06,63872
3,15,1.09E-06,50.42679,1.0252,4.86E-08,3.75704,6.10013,28.2,1.01E-06,0.01394,91,4.24E-10,1.02E-06,1.10E-06,63872
3,15.5,1.09E-06,50.42679,1.0252,4.93E-08,3.75704,6.10013,28.2,1.01E-06,0.01394,91,4.30E-10,1.02E-06,1.11E-06,63872
3,16,1.09E-06,50.42679,1.0252,5.00E-08,3.75704,6.10013,28.2,1.01E-06,0.01394,91,4.36E-10,1.02E-06,1.11E-06,63872
3,16.5,1.09E-06,50.42679,1.0252,5.07E-08,3.75704,6.10013,28.2,1.01E-06,0.01394,91,4.42E-10,1.02E-06,1.12E-06,63872
3,17,1.09E-06,50.42679,1.0252,5.14E-08,3.75704,6.10013,28.2,1.01E-06,0.01394,91,4.48E-10,1.02E-06,1.12E-06,63872
3,17.5,1.09E-06,50.42679,1.0252,5.21E-08,3.75704,6.10013,28.2,1.01E-06,0.01394,91,4.54E-10,1.02E-06,1.12E-06,63872
3,18,1.09E-06,50.42679,1.0252,5.28E-08,3.75704,6.10013,28.2,1.01E-06,0.01394,91,4.60E-10,1.02E-06,1.13E-06,63872
3,18.5,1.09E-06,50.42679,1.0252,5.35E-08,3.75704,6.10013,28.2,1.01E-06,0.01394,91,4.66E-10,1.02E-06,1.13E-06,63872
3,19,1.09E-06,50.42679,1.0252,5.42E-08,3.75704,6.10013,28.2,1.02E-06,0.01394,91,4.72E-10,1.02E-06,1.13E-06,63872
3,19.5,1.09E-06,50.42679,1.0252,5.49E-08,3.75704,6.10013,28.2,1.02E-06,0.01394,91,4.79E-10,1.02E-06,1.14E-06,63872
3,20,1.09E-06,50.42679,1.0252,5.56E-08,3.75704,6.10013,28.2,1.02E-06,0.01394,91,4.85E-10,1.02E-06,1.14E-06,63872
3,20.5,1.09E-06,50.42679,1.0252,5.63E-08,3.75704,6.10013,28.2,1.02E-06,0.01394,91,4.91E-10,1.02E-06,1.15E-06,63872
3,21,1.09E-06,50.42679,1.0252,5.70E-08,3.75704,6.10013,28.2,1.02E-06,0.01394,91,4.97E-10,1.02E-06,1.15E-06,63872
3,21.5,1.09E-06,50.42679,1.0252,5.77E-08,3.75704,6.10013,28.2,1.02E-06,0.01394,91,5.03E-10,1.02E-06,1.15E-06,63872
3,22,1.09E-06,50.42679,1.0252,5.84E-08,3.75704,6.10013,28.2,1.02E-06,0.01394,91,5.10E-10,1.03E-06,1.16E-06,63872
3,22.5,1.09E-06,50.42679,1.0252,5.92E-08,3.75704,6.10013,28.2,1.02E-06,0.01394,91,5.16E-10,1.03E-06,1.16E-06,63872
3,23,1.09E-06,50.42679,1.0252,5.99E-08,3.75704,6.10013,28.2,1.02E-06,0.01394,91,5.22E-10,1.03E-06,1.16E-06,63872
3,23.5,1.09E-06,50.42679,1.0252,6.06E-08,3.75704,6.10013,28.2,1.02E-06,0.01394,91,5.28E-10,1.03E-06,1.17E-06,63872
3,24,1.10E-06,50.42679,1.0252,6.13E-08,3.75704,6.10013,28.2,1.02E-06,0.01394,91,5.35E-10,1.03E-06,1.17E-06,63872
3,24.5,1.10E-06,50.42679,1.0252,6.21E-08,3.75704,6.10013,28.2,1.02E-06,0.01394,91,5.41E-10,1.03E-06,1.18E-06,63872
3,25,1.10E-06,50.42679,1.0252,6.28E-08,3.75704,6.10013,28.2,1.02E-06,0.01394,91,5.47E-10,1.03E-06,1.18E-06,63872
3,25.5,1.10E-06,50.42679,1.0252,6.35E-08,3.75704,6.10013,28.2,1.02E-06,0.01394,91,5.54E-10,1.03E-06,1.18E-06,63872
3,26,1.10E-06,50.42679,1.0252,6.43E-08,3.75704,6.10013,28.2,1.02E-06,0.01394,91,5.60E-10,1.03E-06,1.19E-06,63872
3,26.5,1.10E-06,50.42679,1.0252,6.50E-08,3.75704,6.10013,28.2,1.02E-06,0.01394,91,5.67E-10,1.03E-06,1.19E-06,63872
3,27,1.10E-06,50.42679,1.0252,6.57E-08,3.75704,6.10013,28.2,1.02E-06,0.01394,91,5.73E-10,1.03E-06,1.20E-06,63872
3,27.5,1.10E-06,50.42679,1.0252,6.65E-08,3.75704,6.10013,28.2,1.02E-06,0.01394,91,5.80E-10,1.03E-06,1.20E-06,63872
3,28,1.10E-06,50.42679,1.0252,6.72E-08,3.75704,6.10013,28.2,1.02E-06,0.01394,91,5.86E-10,1.03E-06,1.20E-06,63872
3,28.5,1.10E-06,50.42679,1.0252,6.80E-08,3.75704,6.10013,28.2,1.02E-06,0.01394,91,5.93E-10,1.03E-06,1.21E-06,63872
3,29,1.10E-06,50.42679,1.0252,6.87E-08,3.75704,6.10013,28.2,1.02E-06,0.01394,91,5.99E-10,1.03E-06,1.21E-06,63872
3,29.5,1.10E-06,50.42679,1.0252,6.95E-08,3.75704,6.10013,28.2,1.02E-06,0.01394,91,6.06E-10,1.03E-06,1.22E-06,63872
3,30,1.10E-06,50.42679,1.0252,7.02E-08,3.75704,6.10013,28.2,1.02E-06,0.01394,91,6.12E-10,1.03E-06,1.22E-06,63872
3,30.5,1.10E-06,50.42679,1.0252,7.10E-08,3.75704,6.10013,28.2,1.02E-06,0.01394,91,6.19E-10,1.04E-06,1.22E-06,63872
3,31,1.10E-06,50.42679,1.0252,7.17E-08,3.75704,6.10013,28.2,1.02E-06,0.01394,91,6.25E-10,1.04E-06,1.23E-06,63872
3,31.5,1.10E-06,50.42679,1.0252,7.25E-08,3.75704,6.10013,28.2,1.03E-06,0.01394,91,6.32E-10,1.04E-06,1.23E-06,63872
3,32,1.10E-06,50.42679,1.0252,7.33E-08,3.75704,6.10013,28.2,1.03E-06,0.01394,91,6.39E-10,1.04E-06,1.24E-06,63872
3,32.5,1.10E-06,50.42679,1.0252,7.40E-08,3.75704,6.10013,28.2,1.03E-06,0.01394,91,6.45E-10,1.04E-06,1.24E-06,63872
3,33,1.10E-06,50.42679,1.0252,7.48E-08,3.75704,6.10013,28.2,1.03E-06,0.01394,91,6.52E-10,1.04E-06,1.24E-06,63872
3,33.5,1.10E-06,50.42679,1.0252,7.56E-08,3.75704,6.10013,28.2,1.03E-06,0.01394,91,6.59E-10,1.04E-06,1.25E-06,63872
3,34,1.10E-06,50.42679,1.0252,7.63E-08,3.75704,6.10013,28.2,1.03E-06,0.01394,91,6.66E-10,1.04E-06,1.25E-06,63872
3,34.5,1.10E-06,50.42679,1.0252,7.71E-08,3.75704,6.10013,28.2,1.03E-06,0.01394,91,6.72E-10,1.04E-06,1.26E-06,63872
3,35,1.10E-06,50.42679,1.0252,7.79E-08,3.75704,6.10013,28.2,1.03E-06,0.01394,91,6.79E-10,1.04E-06,1.26E-06,63872
3,35.5,1.11E-06,50.42679,1.0252,7.87E-08,3.75704,6.10013,28.2,1.03E-06,0.01394,91,6.86E-10,1.04E-06,1.26E-06,63872
3,36,1.11E-06,50.42679,1.0252,7.95E-08,3.75704,6.10013,28.2,1.03E-06,0.01394,91,6.93E-10,1.04E-06,1.27E-06,63872
3,36.5,1.11E-06,50.42679,1.0252,8.02E-08,3.75704,6.10013,28.2,1.03E-06,0.01394,91,7.00E-10,1.04E-06,1.27E-06,63872
3,37,1.11E-06,50.42679,1.0252,8.10E-08,3.75704,6.10013,28.2,1.03E-06,0.01394,91,7.07E-10,1.04E-06,1.28E-06,63872
3,37.5,1.11E-06,50.42679,1.0252,8.18E-08,3.75704,6.10013,28.2,1.03E-06,0.01394,91,7.13E-10,1.04E-06,1.28E-06,63872
3,38,1.11E-06,50.42679,1.0252,8.26E-08,3.75704,6.10013,28.2,1.03E-06,0.01394,91,7.20E-10,1.04E-06,1.29E-06,63872
3,38.5,1.11E-06,50.42679,1.0252,8.34E-08,3.75704,6.10013,28.2,1.03E-06,0.01394,91,7.27E-10,1.04E-06,1.29E-06,63872
3,39,1.11E-06,50.42679,1.0252,8.42E-08,3.75704,6.10013,28.2,1.03E-06,0.01394,91,7.34E-10,1.05E-06,1.29E-06,63872
3,39.5,1.11E-06,50.42679,1.0252,8.50E-08,3.75704,6.10013,28.2,1.03E-06,0.01394,91,7.41E-10,1.05E-06,1.30E-06,63872
3,40,1.11E-06,50.42679,1.0252,8.58E-08,3.75704,6.10013,28.2,1.03E-06,0.01394,91,7.48E-10,1.05E-06,1.30E-06,63872
3,40.5,1.11E-06,50.42679,1.0252,8.66E-08,3.75704,6.10013,28.2,1.03E-06,0.01394,91,7.55E-10,1.05E-06,1.31E-06,63872
3,41,1.11E-06,50.42679,1.0252,8.75E-08,3.75704,6.10013,28.2,1.03E-06,0.01394,91,7.63E-10,1.05E-06,1.31E-06,63872
3,41.5,1.11E-06,50.42679,1.0252,8.83E-08,3.75704,6.10013,28.2,1.03E-06,0.01394,91,7.70E-10,1.05E-06,1.32E-06,63872
3,42,1.11E-06,50.42679,1.0252,8.91E-08,3.75704,6.10013,28.2,1.03E-06,0.01394,91,7.77E-10,1.05E-06,1.32E-06,63872
3,42.5,1.11E-06,50.42679,1.0252,8.99E-08,3.75704,6.10013,28.2,1.03E-06,0.01394,91,7.84E-10,1.05E-06,1.32E-06,63872
3,43,1.11E-06,50.42679,1.0252,9.07E-08,3.75704,6.10013,28.2,1.03E-06,0.01394,91,7.91E-10,1.05E-06,1.33E-06,63872
3,43.5,1.11E-06,50.42679,1.0252,9.16E-08,3.75704,6.10013,28.2,1.04E-06,0.01394,91,7.98E-10,1.05E-06,1.33E-06,63872
3,44,1.11E-06,50.42679,1.0252,9.24E-08,3.75704,6.10013,28.2,1.04E-06,0.01394,91,8.05E-10,1.05E-06,1.34E-06,63872
3,44.5,1.11E-06,50.42679,1.0252,9.32E-08,3.75704,6.10013,28.2,1.04E-06,0.01394,91,8.13E-10,1.05E-06,1.34E-06,63872
3,45,1.11E-06,50.42679,1.0252,9.40E-08,3.75704,6.10013,28.2,1.04E-06,0.01394,91,8.20E-10,1.05E-06,1.35E-06,63872
3,45.5,1.11E-06,50.42679,1.0252,9.49E-08,3.75704,6.10013,28.2,1.04E-06,0.01394,91,8.27E-10,1.05E-06,1.35E-06,63872
3,46,1.11E-06,50.42679,1.0252,9.57E-08,3.75704,6.10013,28.2,1.04E-06,0.01394,91,8.35E-10,1.05E-06,1.36E-06,63872
3,46.5,1.12E-06,50.42679,1.0252,9.66E-08,3.75704,6.10013,28.2,1.04E-06,0.01394,91,8.42E-10,1.05E-06,1.36E-06,63872
3,47,1.12E-06,50.42679,1.0252,9.74E-08,3.75704,6.10013,28.2,1.04E-06,0.01394,91,8.49E-10,1.05E-06,1.36E-06,63872
3,47.5,1.12E-06,50.42679,1.0252,9.82E-08,3.75704,6.10013,28.2,1.04E-06,0.01394,91,8.57E-10,1.06E-06,1.37E-06,63872
3,48,1.12E-06,50.42679,1.0252,9.91E-08,3.75704,6.10013,28.2,1.04E-06,0.01394,91,8.64E-10,1.06E-06,1.37E-06,63872
3,48.5,1.12E-06,50.42679,1.0252,9.99E-08,3.75704,6.10013,28.2,1.04E-06,0.01394,91,8.71E-10,1.06E-06,1.38E-06,63872
3,49,1.12E-06,50.42679,1.0252,1.01E-07,3.75704,6.10013,28.2,1.04E-06,0.01394,91,8.79E-10,1.06E-06,1.38E-06,63872
3,49.5,1.12E-06,50.42679,1.0252,1.02E-07,3.75704,6.10013,28.2,1.04E-06,0.01394,91,8.86E-10,1.06E-06,1.39E-06,63872
3,50,1.12E-06,50.42679,1.0252,1.03E-07,3.75704,6.10013,28.2,1.04E-06,0.01394,91,8.94E-10,1.06E-06,1.39E-06,63872
4,0,6.17E-07,28.93893,3.65978,2.60E-08,13.41199,6.10264,28.2,1.00E-06,0.03806,91,2.76E-10,1.00E-06,1.00E-06,255488
4,0.5,6.17E-07,28.93893,3.65978,2.65E-08,13.41199,6.10264,28.2,1.00E-06,0.03806,91,2.81E-10,1.00E-06,1.00E-06,255488
4,1,6.17E-07,28.93893,3.65978,2.70E-08,13.41199,6.10264,28.2,1.00E-06,0.03806,91,2.87E-10,1.00E-06,1.01E-06,255488
4,1.5,6.18E-07,28.93893,3.65978,2.75E-08,13.41199,6.10264,28.2,1.00E-06,0.03806,91,2.92E-10,1.00E-06,1.01E-06,255488
4,2,6.18E-07,28.93893,3.65978,2.81E-08,13.41199,6.10264,28.2,1.00E-06,0.03806,91,2.98E-10,1.00E-06,1.01E-06,255488
4,2.5,6.18E-07,28.93893,3.65978,2.86E-08,13.41199,6.10264,28.2,1.00E-06,0.03806,91,3.03E-10,1.00E-06,1.02E-06,255488
4,3,6.19E-07,28.93893,3.65978,2.91E-08,13.41199,6.10264,28.2,1.00E-06,0.03806,91,3.09E-10,1.00E-06,1.02E-06,255488
4,3.5,6.19E-07,28.93893,3.65978,2.96E-08,13.41199,6.10264,28.2,1.00E-06,0.03806,91,3.15E-10,1.00E-06,1.02E-06,255488
4,4,6.19E-07,28.93893,3.65978,3.02E-08,13.41199,6.10264,28.2,1.00E-06,0.03806,91,3.20E-10,1.00E-06,1.03E-06,255488
4,4.5,6.20E-07,28.93893,3.65978,3.07E-08,13.41199,6.10264,28.2,1.01E-06,0.03806,91,3.26E-10,1.01E-06,1.03E-06,255488
4,5,6.20E-07,28.93893,3.65978,3.12E-08,13.41199,6.10264,28.2,1.01E-06,0.03806,91,3.32E-10,1.01E-06,1.03E-06,255488
4,5.5,6.21E-07,28.93893,3.65978,3.18E-08,13.41199,6.10264,28.2,1.01E-06,0.03806,91,3.37E-10,1.01E-06,1.04E-06,255488
4,6,6.21E-07,28.93893,3.65978,3.23E-08,13.41199,6.10264,28.2,1.01E-06,0.03806,91,3.43E-10,1.01E-06,1.04E-06,255488
4,6.5,6.21E-07,28.93893,3.65978,3.29E-08,13.41199,6.10264,28.2,1.01E-06,0.03806,91,3.49E-10,1.01E-06,1.04E-06,255488
4,7,6.22E-07,28.93893,3.65978,3.34E-08,13.41199,6.10264,28.2,1.01E-06,0.03806,91,3.54E-10,1.01E-06,1.05E-06,255488
4,7.5,6.22E-07,28.93893,3.65978,3.39E-08,13.41199,6.10264,28.2,1.01E-06,0.03806,91,3.60E-10,1.01E-06,1.05E-06,255488
4,8,6.22E-07,28.93893,3.65978,3.45E-08,13.41199,6.10264,28.2,1.01E-06,0.03806,91,3.66E-10,1.01E-06,1.05E-06,255488
4,8.5,6.23E-07,28.93893,3.65978,3.50E-08,13.41199,6.10264,28.2,1.01E-06,0.03806,91,3.72E-10,1.01E-06,1.06E-06,255488
4,9,6.23E-07,28.93893,3.65978,3.56E-08,13.41199,6.10264,28.2,1.01E-06,0.03806,91,3.78E-10,1.01E-06,1.06E-06,255488
4,9.5,6.23E-07,28.93893,3.65978,3.61E-08,13.41199,6.10264,28.2,1.01E-06,0.03806,91,3.84E-10,1.01E-06,1.07E-06,255488
4,10,6.24E-07,28.93893,3.65978,3.67E-08,13.41199,6.10264,28.2,1.01E-06,0.03806,91,3.89E-10,1.01E-06,1.07E-06,255488
4,10.5,6.24E-07,28.93893,3.65978,3.72E-08,13.41199,6.10264,28.2,1.01E-06,0.03806,91,3.95E-10,1.01E-06,1.07E-06,255488
4,11,6.24E-07,28.93893,3.65978,3.78E-08,13.41199,6.10264,28.2,1.01E-06,0.03806,91,4.01E-10,1.01E-06,1.08E-06,255488
4,11.5,6.25E-07,28.93893,3.65978,3.84E-08,13.41199,6.10264,28.2,1.01E-06,0.03806,91,4.07E-10,1.01E-06,1.08E-06,255488
4,12,6.25E-07,28.93893,3.65978,3.89E-08,13.41199,6.10264,28.2,1.01E-06,0.03806,91,4.13E-10,1.01E-06,1.08E-06,255488
4,12.5,6.26E-07,28.93893,3.65978,3.95E-08,13.41199,6.10264,28.2,1.01E-06,0.03806,91,4.19E-10,1.01E-06,1.09E-06,255488
4,13,6.26E-07,28.93893,3.65978,4.00E-08,13.41199,6.10264,28.2,1.01E-06,0.03806,91,4.25E-10,1.01E-06,1.09E-06,255488
4,13.5,6.26E-07,28.93893,3.65978,4.06E-08,13.41199,6.10264,28.2,1.02E-06,0.03806,91,4.31E-10,1.02E-06,1.09E-06,255488
4,14,6.27E-07,28.93893,3.65978,4.12E-08,13.41199,6.10264,28.2,1.02E-06,0.03806,91,4.37E-10,1.02E-06,1.10E-06,255488
4,14.5,6.27E-07,28.93893,3.65978,4.17E-08,13.41199,6.10264,28.2,1.02E-06,0.03806,91,4.43E-10,1.02E-06,1.10E-06,255488
4,15,6.27E-07,28.93893,3.65978,4.23E-08,13.41199,6.10264,28.2,1.02E-06,0.03806,91,4.49E-10,1.02E-06,1.11E-06,255488
4,15.5,6.28E-07,28.93893,3.65978,4.29E-08,13.41199,6.10264,28.2,1.02E-06,0.03806,91,4.55E-10,1.02E-06,1.11E-06,255488
4,16,6.28E-07,28.93893,3.65978,4.35E-08,13.41199,6.10264,28.2,1.02E-06,0.03806,91,4.61E-10,1.02E-06,1.11E-06,255488
4,16.5,6.28E-07,28.93893,3.65978,4.40E-08,13.41199,6.10264,28.2,1.02E-06,0.03806,91,4.67E-10,1.02E-06,1.12E-06,255488
4,17,6.29E-07,28.93893,3.65978,4.46E-08,13.41199,6.10264,28.2,1.02E-06,0.03806,91,4.74E-10,1.02E-06,1.12E-06,255488
4,17.5,6.29E-07,28.93893,3.65978,4.52E-08,13.41199,6.10264,28.2,1.02E-06,0.03806,91,4.80E-10,1.02E-06,1.12E-06,255488
4,18,6.29E-07,28.93893,3.65978,4.58E-08,13.41199,6.10264,28.2,1.02E-06,0.03806,91,4.86E-10,1.02E-06,1.13E-06,255488
4,18.5,6.30E-07,28.93893,3.65978,4.64E-08,13.41199,6.10264,28.2,1.02E-06,0.03806,91,4.92E-10,1.02E-06,1.13E-06,255488
4,19,6.30E-07,28.93893,3.65978,4.70E-08,13.41199,6.10264,28.2,1.02E-06,0.03806,91,4.98E-10,1.02E-06,1.14E-06,255488
4,19.5,6.31E-07,28.93893,3.65978,4.75E-08,13.41199,6.10264,28.2,1.02E-06,0.03806,91,5.05E-10,1.02E-06,1.14E-06,255488
4,20,6.31E-07,28.93893,3.65978,4.81E-08,13.41199,6.10264,28.2,1.02E-06,0.03806,91,5.11E-10,1.02E-06,1.14E-06,255488
4,20.5,6.31E-07,28.93893,3.65978,4.87E-08,13.41199,6.10264,28.2,1.02E-06,0.03806,91,5.17E-10,1.02E-06,1.15E-06,255488
4,21,6.32E-07,28.93893,3.65978,4.93E-08,13.41199,6.10264,28.2,1.02E-06,0.03806,91,5.24E-10,1.02E-06,1.15E-06,255488
4,21.5,6.32E-07,28.93893,3.65978,4.99E-08,13.41199,6.10264,28.2,1.02E-06,0.03806,91,5.30E-10,1.02E-06,1.15E-06,255488
4,22,6.32E-07,28.93893,3.65978,5.05E-08,13.41199,6.10264,28.2,1.03E-06,0.03806,91,5.36E-10,1.03E-06,1.16E-06,255488
4,22.5,6.33E-07,28.93893,3.65978,5.11E-08,13.41199,6.10264,28.2,1.03E-06,0.03806,91,5.43E-10,1.03E-06,1.16E-06,255488
4,23,6.33E-07,28.93893,3.65978,5.17E-08,13.41199,6.10264,28.2,1.03E-06,0.03806,91,5.49E-10,1.03E-06,1.17E-06,255488
4,23.5,6.33E-07,28.93893,3.65978,5.23E-08,13.41199,6.10264,28.2,1.03E-06,0.03806,91,5.55E-10,1.03E-06,1.17E-06,255488
4,24,6.34E-07,28.93893,3.65978,5.29E-08,13.41199,6.10264,28.2,1.03E-06,0.03806,91,5.62E-10,1.03E-06,1.17E-06,255488
4,24.5,6.34E-07,28.93893,3.65978,5.35E-08,13.41199,6.10264,28.2,1.03E-06,0.03806,91,5.68E-10,1.03E-06,1.18E-06,255488
4,25,6.35E-07,28.93893,3.65978,5.42E-08,13.41199,6.10264,28.2,1.03E-06,0.03806,91,5.75E-10,1.03E-06,1.18E-06,255488
4,25.5,6.35E-07,28.93893,3.65978,5.48E-08,13.41199,6.10264,28.2,1.03E-06,0.03806,91,5.81E-10,1.03E-06,1.19E-06,255488
4,26,6.35E-07,28.93893,3.65978,5.54E-08,13.41199,6.10264,28.2,1.03E-06,0.03806,91,5.88E-10,1.03E-06,1.19E-06,255488
4,26.5,6.36E-07,28.93893,3.65978,5.60E-08,13.41199,6.10264,28.2,1.03E-06,0.03806,91,5.94E-10,1.03E-06,1.19E-06,255488
4,27,6.36E-07,28.93893,3.65978,5.66E-08,13.41199,6.10264,28.2,1.03E-06,0.03806,91,6.01E-10,1.03E-06,1.20E-06,255488
4,27.5,6.36E-07,28.93893,3.65978,5.72E-08,13.41199,6.10264,28.2,1.03E-06,0.03806,91,6.08E-10,1.03E-06,1.20E-06,255488
4,28,6.37E-07,28.93893,3.65978,5.79E-08,13.41199,6.10264,28.2,1.03E-06,0.03806,91,6.14E-10,1.03E-06,1.21E-06,255488
4,28.5,6.37E-07,28.93893,3.65978,5.85E-08,13.41199,6.10264,28.2,1.03E-06,0.03806,91,6.21E-10,1.03E-06,1.21E-06,255488
4,29,6.37E-07,28.93893,3.65978,5.91E-08,13.41199,6.10264,28.2,1.03E-06,0.03806,91,6.27E-10,1.03E-06,1.21E-06,255488
4,29.5,6.38E-07,28.93893,3.65978,5.97E-08,13.41199,6.10264,28.2,1.03E-06,0.03806,91,6.34E-10,1.03E-06,1.22E-06,255488
4,30,6.38E-07,28.93893,3.65978,6.04E-08,13.41199,6.10264,28.2,1.03E-06,0.03806,91,6.41E-10,1.03E-06,1.22E-06,255488
4,30.5,6.39E-07,28.93893,3.65978,6.10E-08,13.41199,6.10264,28.2,1.04E-06,0.03806,91,6.48E-10,1.04E-06,1.23E-06,255488
4,31,6.39E-07,28.93893,3.65978,6.16E-08,13.41199,6.10264,28.2,1.04E-06,0.03806,91,6.54E-10,1.04E-06,1.23E-06,255488
4,31.5,6.39E-07,28.93893,3.65978,6.23E-08,13.41199,6.10264,28.2,1.04E-06,0.03806,91,6.61E-10,1.04E-06,1.23E-06,255488
4,32,6.40E-07,28.93893,3.65978,6.29E-08,13.41199,6.10264,28.2,1.04E-06,0.03806,91,6.68E-10,1.04E-06,1.24E-06,255488
4,32.5,6.40E-07,28.93893,3.65978,6.36E-08,13.41199,6.10264,28.2,1.04E-06,0.03806,91,6.75E-10,1.04E-06,1.24E-06,255488
4,33,6.40E-07,28.93893,3.65978,6.42E-08,13.41199,6.10264,28.2,1.04E-06,0.03806,91,6.82E-10,1.04E-06,1.25E-06,255488
4,33.5,6.41E-07,28.93893,3.65978,6.49E-08,13.41199,6.10264,28.2,1.04E-06,0.03806,91,6.88E-10,1.04E-06,1.25E-06,255488
4,34,6.41E-07,28.93893,3.65978,6.55E-08,13.41199,6.10264,28.2,1.04E-06,0.03806,91,6.95E-10,1.04E-06,1.26E-06,255488
4,34.5,6.41E-07,28.93893,3.65978,6.62E-08,13.41199,6.10264,28.2,1.04E-06,0.03806,91,7.02E-10,1.04E-06,1.26E-06,255488
4,35,6.42E-07,28.93893,3.65978,6.68E-08,13.41199,6.10264,28.2,1.04E-06,0.03806,91,7.09E-10,1.04E-06,1.26E-06,255488
4,35.5,6.42E-07,28.93893,3.65978,6.75E-08,13.41199,6.10264,28.2,1.04E-06,0.03806,91,7.16E-10,1.04E-06,1.27E-06,255488
4,36,6.43E-07,28.93893,3.65978,6.81E-08,13.41199,6.10264,28.2,1.04E-06,0.03806,91,7.23E-10,1.04E-06,1.27E-06,255488
4,36.5,6.43E-07,28.93893,3.65978,6.88E-08,13.41199,6.10264,28.2,1.04E-06,0.03806,91,7.30E-10,1.04E-06,1.28E-06,255488
4,37,6.43E-07,28.93893,3.65978,6.94E-08,13.41199,6.10264,28.2,1.04E-06,0.03806,91,7.37E-10,1.04E-06,1.28E-06,255488
4,37.5,6.44E-07,28.93893,3.65978,7.01E-08,13.41199,6.10264,28.2,1.04E-06,0.03806,91,7.44E-10,1.04E-06,1.29E-06,255488
4,38,6.44E-07,28.93893,3.65978,7.08E-08,13.41199,6.10264,28.2,1.04E-06,0.03806,91,7.51E-10,1.04E-06,1.29E-06,255488
4,38.5,6.44E-07,28.93893,3.65978,7.14E-08,13.41199,6.10264,28.2,1.04E-06,0.03806,91,7.58E-10,1.04E-06,1.29E-06,255488
4,39,6.45E-07,28.93893,3.65978,7.21E-08,13.41199,6.10264,28.2,1.05E-06,0.03806,91,7.65E-10,1.05E-06,1.30E-06,255488
4,39.5,6.45E-07,28.93893,3.65978,7.28E-08,13.41199,6.10264,28.2,1.05E-06,0.03806,91,7.73E-10,1.05E-06,1.30E-06,255488
4,40,6.45E-07,28.93893,3.65978,7.35E-08,13.41199,6.10264,28.2,1.05E-06,0.03806,91,7.80E-10,1.05E-06,1.31E-06,255488
4,40.5,6.46E-07,28.93893,3.65978,7.41E-08,13.41199,6.10264,28.2,1.05E-06,0.03806,91,7.87E-10,1.05E-06,1.31E-06,255488
4,41,6.46E-07,28.93893,3.65978,7.48E-08,13.41199,6.10264,28.2,1.05E-06,0.03806,91,7.94E-10,1.05E-06,1.32E-06,255488
4,41.5,6.47E-07,28.93893,3.65978,7.55E-08,13.41199,6.10264,28.2,1.05E-06,0.03806,91,8.01E-10,1.05E-06,1.32E-06,255488
4,42,6.47E-07,28.93893,3.65978,7.62E-08,13.41199,6.10264,28.2,1.05E-06,0.03806,91,8.09E-10,1.05E-06,1.32E-06,255488
4,42.5,6.47E-07,28.93893,3.65978,7.69E-08,13.41199,6.10264,28.2,1.05E-06,0.03806,91,8.16E-10,1.05E-06,1.33E-06,255488
4,43,6.48E-07,28.93893,3.65978,7.76E-08,13.41199,6.10264,28.2,1.05E-06,0.03806,91,8.23E-10,1.05E-06,1.33E-06,255488
4,43.5,6.48E-07,28.93893,3.65978,7.83E-08,13.41199,6.10264,28.2,1.05E-06,0.03806,91,8.31E-10,1.05E-06,1.34E-06,255488
4,44,6.48E-07,28.93893,3.65978,7.90E-08,13.41199,6.10264,28.2,1.05E-06,0.03806,91,8.38E-10,1.05E-06,1.34E-06,255488
4,44.5,6.49E-07,28.93893,3.65978,7.96E-08,13.41199,6.10264,28.2,1.05E-06,0.03806,91,8.45E-10,1.05E-06,1.35E-06,255488
4,45,6.49E-07,28.93893,3.65978,8.03E-08,13.41199,6.10264,28.2,1.05E-06,0.03806,91,8.53E-10,1.05E-06,1.35E-06,255488
4,45.5,6.50E-07,28.93893,3.65978,8.10E-08,13.41199,6.10264,28.2,1.05E-06,0.03806,91,8.60E-10,1.05E-06,1.36E-06,255488
4,46,6.50E-07,28.93893,3.65978,8.18E-08,13.41199,6.10264,28.2,1.05E-06,0.03806,91,8.68E-10,1.05E-06,1.36E-06,255488
4,46.5,6.50E-07,28.93893,3.65978,8.25E-08,13.41199,6.10264,28.2,1.05E-06,0.03806,91,8.75E-10,1.05E-06,1.36E-06,255488
4,47,6.51E-07,28.93893,3.65978,8.32E-08,13.41199,6.10264,28.2,1.06E-06,0.03806,91,8.83E-10,1.05E-06,1.37E-06,255488
4,47.5,6.51E-07,28.93893,3.65978,8.39E-08,13.41199,6.10264,28.2,1.06E-06,0.03806,91,8.90E-10,1.06E-06,1.37E-06,255488
4,48,6.51E-07,28.93893,3.65978,8.46E-08,13.41199,6.10264,28.2,1.06E-06,0.03806,91,8.98E-10,1.06E-06,1.38E-06,255488
4,48.5,6.52E-07,28.93893,3.65978,8.53E-08,13.41199,6.10264,28.2,1.06E-06,0.03806,91,9.05E-10,1.06E-06,1.38E-06,255488
4,49,6.52E-07,28.93893,3.65978,8.60E-08,13.41199,6.10264,28.2,1.06E-06,0.03806,91,9.13E-10,1.06E-06,1.39E-06,255488
4,49.5,6.53E-07,28.93893,3.65978,8.67E-08,13.41199,6.10264,28.2,1.06E-06,0.03806,91,9.21E-10,1.06E-06,1.39E-06,255488
4,50,6.53E-07,28.93893,3.65978,8.75E-08,13.41199,6.10264,28.2,1.06E-06,0.03806,91,9.28E-10,1.06E-06,1.40E-06,255488
5,0,5.79E-07,27.18318,4.4238,2.51E-08,16.21187,6.10372,28.2,1.00E-06,0.04301,91,2.84E-10,1.00E-06,1.00E-06,319360
5,0.5,5.80E-07,27.18318,4.4238,2.56E-08,16.21187,6.10372,28.2,1.00E-06,0.04301,91,2.89E-10,1.00E-06,1.00E-06,319360
5,1,5.80E-07,27.18318,4.4238,2.61E-08,16.21187,6.10372,28.2,1.00E-06,0.04301,91,2.95E-10,1.00E-06,1.01E-06,319360
5,1.5,5.80E-07,27.18318,4.4238,2.66E-08,16.21187,6.10372,28.2,1.00E-06,0.04301,91,3.00E-10,1.00E-06,1.01E-06,319360
5,2,5.81E-07,27.18318,4.4238,2.71E-08,16.21187,6.10372,28.2,1.00E-06,0.04301,91,3.06E-10,1.00E-06,1.01E-06,319360
5,2.5,5.81E-07,27.18318,4.4238,2.76E-08,16.21187,6.10372,28.2,1.00E-06,0.04301,91,3.11E-10,1.00E-06,1.02E-06,319360
5,3,5.81E-07,27.18318,4.4238,2.81E-08,16.21187,6.10372,28.2,1.00E-06,0.04301,91,3.17E-10,1.00E-06,1.02E-06,319360
5,3.5,5.82E-07,27.18318,4.4238,2.86E-08,16.21187,6.10372,28.2,1.00E-06,0.04301,91,3.23E-10,1.00E-06,1.02E-06,319360
5,4,5.82E-07,27.18318,4.4238,2.91E-08,16.21187,6.10372,28.2,1.00E-06,0.04301,91,3.28E-10,1.00E-06,1.03E-06,319360
5,4.5,5.82E-07,27.18318,4.4238,2.96E-08,16.21187,6.10372,28.2,1.01E-06,0.04301,91,3.34E-10,1.01E-06,1.03E-06,319360
5,5,5.83E-07,27.18318,4.4238,3.01E-08,16.21187,6.10372,28.2,1.01E-06,0.04301,91,3.40E-10,1.01E-06,1.03E-06,319360
5,5.5,5.83E-07,27.18318,4.4238,3.06E-08,16.21187,6.10372,28.2,1.01E-06,0.04301,91,3.45E-10,1.01E-06,1.04E-06,319360
5,6,5.83E-07,27.18318,4.4238,3.11E-08,16.21187,6.10372,28.2,1.01E-06,0.04301,91,3.51E-10,1.01E-06,1.04E-06,319360
5,6.5,5.84E-07,27.18318,4.4238,3.16E-08,16.21187,6.10372,28.2,1.01E-06,0.04301,91,3.57E-10,1.01E-06,1.04E-06,319360
5,7,5.84E-07,27.18318,4.4238,3.21E-08,16.21187,6.10372,28.2,1.01E-06,0.04301,91,3.62E-10,1.01E-06,1.05E-06,319360
5,7.5,5.84E-07,27.18318,4.4238,3.26E-08,16.21187,6.10372,28.2,1.01E-06,0.04301,91,3.68E-10,1.01E-06,1.05E-06,319360
5,8,5.85E-07,27.18318,4.4238,3.31E-08,16.21187,6.10372,28.2,1.01E-06,0.04301,91,3.74E-10,1.01E-06,1.06E-06,319360
5,8.5,5.85E-07,27.18318,4.4238,3.36E-08,16.21187,6.10372,28.2,1.01E-06,0.04301,91,3.80E-10,1.01E-06,1.06E-06,319360
5,9,5.85E-07,27.18318,4.4238,3.41E-08,16.21187,6.10372,28.2,1.01E-06,0.04301,91,3.86E-10,1.01E-06,1.06E-06,319360
5,9.5,5.86E-07,27.18318,4.4238,3.47E-08,16.21187,6.10372,28.2,1.01E-06,0.04301,91,3.92E-10,1.01E-06,1.07E-06,319360
5,10,5.86E-07,27.18318,4.4238,3.52E-08,16.21187,6.10372,28.2,1.01E-06,0.04301,91,3.97E-10,1.01E-06,1.07E-06,319360
5,10.5,5.86E-07,27.18318,4.4238,3.57E-08,16.21187,6.10372,28.2,1.01E-06,0.04301,91,4.03E-10,1.01E-06,1.07E-06,319360
5,11,5.87E-07,27.18318,4.4238,3.62E-08,16.21187,6.10372,28.2,1.01E-06,0.04301,91,4.09E-10,1.01E-06,1.08E-06,319360
5,11.5,5.87E-07,27.18318,4.4238,3.68E-08,16.21187,6.10372,28.2,1.01E-06,0.04301,91,4.15E-10,1.01E-06,1.08E-06,319360
5,12,5.87E-07,27.18318,4.4238,3.73E-08,16.21187,6.10372,28.2,1.01E-06,0.04301,91,4.21E-10,1.01E-06,1.08E-06,319360
5,12.5,5.88E-07,27.18318,4.4238,3.78E-08,16.21187,6.10372,28.2,1.01E-06,0.04301,91,4.27E-10,1.01E-06,1.09E-06,319360
5,13,5.88E-07,27.18318,4.4238,3.83E-08,16.21187,6.10372,28.2,1.01E-06,0.04301,91,4.33E-10,1.01E-06,1.09E-06,319360
5,13.5,5.88E-07,27.18318,4.4238,3.89E-08,16.21187,6.10372,28.2,1.02E-06,0.04301,91,4.39E-10,1.02E-06,1.09E-06,319360
5,14,5.89E-07,27.18318,4.4238,3.94E-08,16.21187,6.10372,28.2,1.02E-06,0.04301,91,4.45E-10,1.02E-06,1.10E-06,319360
5,14.5,5.89E-07,27.18318,4.4238,3.99E-08,16.21187,6.10372,28.2,1.02E-06,0.04301,91,4.51E-10,1.02E-06,1.10E-06,319360
5,15,5.89E-07,27.18318,4.4238,4.05E-08,16.21187,6.10372,28.2,1.02E-06,0.04301,91,4.57E-10,1.02E-06,1.11E-06,319360
5,15.5,5.90E-07,27.18318,4.4238,4.10E-08,16.21187,6.10372,28.2,1.02E-06,0.04301,91,4.63E-10,1.02E-06,1.11E-06,319360
5,16,5.90E-07,27.18318,4.4238,4.16E-08,16.21187,6.10372,28.2,1.02E-06,0.04301,91,4.69E-10,1.02E-06,1.11E-06,319360
5,16.5,5.90E-07,27.18318,4.4238,4.21E-08,16.21187,6.10372,28.2,1.02E-06,0.04301,91,4.76E-10,1.02E-06,1.12E-06,319360
5,17,5.91E-07,27.18318,4.4238,4.26E-08,16.21187,6.10372,28.2,1.02E-06,0.04301,91,4.82E-10,1.02E-06,1.12E-06,319360
5,17.5,5.91E-07,27.18318,4.4238,4.32E-08,16.21187,6.10372,28.2,1.02E-06,0.04301,91,4.88E-10,1.02E-06,1.12E-06,319360
5,18,5.91E-07,27.18318,4.4238,4.37E-08,16.21187,6.10372,28.2,1.02E-06,0.04301,91,4.94E-10,1.02E-06,1.13E-06,319360
5,18.5,5.92E-07,27.18318,4.4238,4.43E-08,16.21187,6.10372,28.2,1.02E-06,0.04301,91,5.00E-10,1.02E-06,1.13E-06,319360
5,19,5.92E-07,27.18318,4.4238,4.48E-08,16.21187,6.10372,28.2,1.02E-06,0.04301,91,5.06E-10,1.02E-06,1.14E-06,319360
5,19.5,5.92E-07,27.18318,4.4238,4.54E-08,16.21187,6.10372,28.2,1.02E-06,0.04301,91,5.13E-10,1.02E-06,1.14E-06,319360
5,20,5.93E-07,27.18318,4.4238,4.59E-08,16.21187,6.10372,28.2,1.02E-06,0.04301,91,5.19E-10,1.02E-06,1.14E-06,319360
5,20.5,5.93E-07,27.18318,4.4238,4.65E-08,16.21187,6.10372,28.2,1.02E-06,0.04301,91,5.25E-10,1.02E-06,1.15E-06,319360
5,21,5.93E-07,27.18318,4.4238,4.71E-08,16.21187,6.10372,28.2,1.02E-06,0.04301,91,5.32E-10,1.02E-06,1.15E-06,319360
5,21.5,5.94E-07,27.18318,4.4238,4.76E-08,16.21187,6.10372,28.2,1.02E-06,0.04301,91,5.38E-10,1.02E-06,1.15E-06,319360
5,22,5.94E-07,27.18318,4.4238,4.82E-08,16.21187,6.10372,28.2,1.03E-06,0.04301,91,5.44E-10,1.03E-06,1.16E-06,319360
5,22.5,5.94E-07,27.18318,4.4238,4.88E-08,16.21187,6.10372,28.2,1.03E-06,0.04301,91,5.51E-10,1.03E-06,1.16E-06,319360
5,23,5.95E-07,27.18318,4.4238,4.93E-08,16.21187,6.10372,28.2,1.03E-06,0.04301,91,5.57E-10,1.03E-06,1.17E-06,319360
5,23.5,5.95E-07,27.18318,4.4238,4.99E-08,16.21187,6.10372,28.2,1.03E-06,0.04301,91,5.64E-10,1.03E-06,1.17E-06,319360
5,24,5.95E-07,27.18318,4.4238,5.05E-08,16.21187,6.10372,28.2,1.03E-06,0.04301,91,5.70E-10,1.03E-06,1.17E-06,319360
5,24.5,5.96E-07,27.18318,4.4238,5.10E-08,16.21187,6.10372,28.2,1.03E-06,0.04301,91,5.76E-10,1.03E-06,1.18E-06,319360
5,25,5.96E-07,27.18318,4.4238,5.16E-08,16.21187,6.10372,28.2,1.03E-06,0.04301,91,5.83E-10,1.03E-06,1.18E-06,319360
5,25.5,5.96E-07,27.18318,4.4238,5.22E-08,16.21187,6.10372,28.2,1.03E-06,0.04301,91,5.89E-10,1.03E-06,1.19E-06,319360
5,26,5.97E-07,27.18318,4.4238,5.28E-08,16.21187,6.10372,28.2,1.03E-06,0.04301,91,5.96E-10,1.03E-06,1.19E-06,319360
5,26.5,5.97E-07,27.18318,4.4238,5.33E-08,16.21187,6.10372,28.2,1.03E-06,0.04301,91,6.03E-10,1.03E-06,1.19E-06,319360
5,27,5.97E-07,27.18318,4.4238,5.39E-08,16.21187,6.10372,28.2,1.03E-06,0.04301,91,6.09E-10,1.03E-06,1.20E-06,319360
5,27.5,5.98E-07,27.18318,4.4238,5.45E-08,16.21187,6.10372,28.2,1.03E-06,0.04301,91,6.16E-10,1.03E-06,1.20E-06,319360
5,28,5.98E-07,27.18318,4.4238,5.51E-08,16.21187,6.10372,28.2,1.03E-06,0.04301,91,6.22E-10,1.03E-06,1.21E-06,319360
5,28.5,5.98E-07,27.18318,4.4238,5.57E-08,16.21187,6.10372,28.2,1.03E-06,0.04301,91,6.29E-10,1.03E-06,1.21E-06,319360
5,29,5.99E-07,27.18318,4.4238,5.63E-08,16.21187,6.10372,28.2,1.03E-06,0.04301,91,6.36E-10,1.03E-06,1.21E-06,319360
5,29.5,5.99E-07,27.18318,4.4238,5.69E-08,16.21187,6.10372,28.2,1.03E-06,0.04301,91,6.42E-10,1.03E-06,1.22E-06,319360
5,30,5.99E-07,27.18318,4.4238,5.75E-08,16.21187,6.10372,28.2,1.03E-06,0.04301,91,6.49E-10,1.03E-06,1.22E-06,319360
5,30.5,6.00E-07,27.18318,4.4238,5.81E-08,16.21187,6.10372,28.2,1.04E-06,0.04301,91,6.56E-10,1.04E-06,1.23E-06,319360
5,31,6.00E-07,27.18318,4.4238,5.87E-08,16.21187,6.10372,28.2,1.04E-06,0.04301,91,6.62E-10,1.04E-06,1.23E-06,319360
5,31.5,6.00E-07,27.18318,4.4238,5.93E-08,16.21187,6.10372,28.2,1.04E-06,0.04301,91,6.69E-10,1.04E-06,1.23E-06,319360
5,32,6.01E-07,27.18318,4.4238,5.99E-08,16.21187,6.10372,28.2,1.04E-06,0.04301,91,6.76E-10,1.04E-06,1.24E-06,319360
5,32.5,6.01E-07,27.18318,4.4238,6.05E-08,16.21187,6.10372,28.2,1.04E-06,0.04301,91,6.83E-10,1.04E-06,1.24E-06,319360
5,33,6.01E-07,27.18318,4.4238,6.11E-08,16.21187,6.10372,28.2,1.04E-06,0.04301,91,6.90E-10,1.04E-06,1.25E-06,319360
5,33.5,6.02E-07,27.18318,4.4238,6.17E-08,16.21187,6.10372,28.2,1.04E-06,0.04301,91,6.97E-10,1.04E-06,1.25E-06,319360
5,34,6.02E-07,27.18318,4.4238,6.23E-08,16.21187,6.10372,28.2,1.04E-06,0.04301,91,7.04E-10,1.04E-06,1.26E-06,319360
5,34.5,6.03E-07,27.18318,4.4238,6.29E-08,16.21187,6.10372,28.2,1.04E-06,0.04301,91,7.10E-10,1.04E-06,1.26E-06,319360
5,35,6.03E-07,27.18318,4.4238,6.35E-08,16.21187,6.10372,28.2,1.04E-06,0.04301,91,7.17E-10,1.04E-06,1.26E-06,319360
5,35.5,6.03E-07,27.18318,4.4238,6.41E-08,16.21187,6.10372,28.2,1.04E-06,0.04301,91,7.24E-10,1.04E-06,1.27E-06,319360
5,36,6.04E-07,27.18318,4.4238,6.47E-08,16.21187,6.10372,28.2,1.04E-06,0.04301,91,7.31E-10,1.04E-06,1.27E-06,319360
5,36.5,6.04E-07,27.18318,4.4238,6.54E-08,16.21187,6.10372,28.2,1.04E-06,0.04301,91,7.38E-10,1.04E-06,1.28E-06,319360
5,37,6.04E-07,27.18318,4.4238,6.60E-08,16.21187,6.10372,28.2,1.04E-06,0.04301,91,7.45E-10,1.04E-06,1.28E-06,319360
5,37.5,6.05E-07,27.18318,4.4238,6.66E-08,16.21187,6.10372,28.2,1.04E-06,0.04301,91,7.52E-10,1.04E-06,1.29E-06,319360
5,38,6.05E-07,27.18318,4.4238,6.72E-08,16.21187,6.10372,28.2,1.04E-06,0.04301,91,7.59E-10,1.04E-06,1.29E-06,319360
5,38.5,6.05E-07,27.18318,4.4238,6.79E-08,16.21187,6.10372,28.2,1.04E-06,0.04301,91,7.67E-10,1.04E-06,1.29E-06,319360
5,39,6.06E-07,27.18318,4.4238,6.85E-08,16.21187,6.10372,28.2,1.05E-06,0.04301,91,7.74E-10,1.05E-06,1.30E-06,319360
5,39.5,6.06E-07,27.18318,4.4238,6.91E-08,16.21187,6.10372,28.2,1.05E-06,0.04301,91,7.81E-10,1.05E-06,1.30E-06,319360
5,40,6.06E-07,27.18318,4.4238,6.98E-08,16.21187,6.10372,28.2,1.05E-06,0.04301,91,7.88E-10,1.05E-06,1.31E-06,319360
5,40.5,6.07E-07,27.18318,4.4238,7.04E-08,16.21187,6.10372,28.2,1.05E-06,0.04301,91,7.95E-10,1.05E-06,1.31E-06,319360
5,41,6.07E-07,27.18318,4.4238,7.10E-08,16.21187,6.10372,28.2,1.05E-06,0.04301,91,8.02E-10,1.05E-06,1.32E-06,319360
5,41.5,6.07E-07,27.18318,4.4238,7.17E-08,16.21187,6.10372,28.2,1.05E-06,0.04301,91,8.10E-10,1.05E-06,1.32E-06,319360
5,42,6.08E-07,27.18318,4.4238,7.23E-08,16.21187,6.10372,28.2,1.05E-06,0.04301,91,8.17E-10,1.05E-06,1.32E-06,319360
5,42.5,6.08E-07,27.18318,4.4238,7.30E-08,16.21187,6.10372,28.2,1.05E-06,0.04301,91,8.24E-10,1.05E-06,1.33E-06,319360
5,43,6.08E-07,27.18318,4.4238,7.36E-08,16.21187,6.10372,28.2,1.05E-06,0.04301,91,8.32E-10,1.05E-06,1.33E-06,319360
5,43.5,6.09E-07,27.18318,4.4238,7.43E-08,16.21187,6.10372,28.2,1.05E-06,0.04301,91,8.39E-10,1.05E-06,1.34E-06,319360
5,44,6.09E-07,27.18318,4.4238,7.49E-08,16.21187,6.10372,28.2,1.05E-06,0.04301,91,8.46E-10,1.05E-06,1.34E-06,319360
5,44.5,6.09E-07,27.18318,4.4238,7.56E-08,16.21187,6.10372,28.2,1.05E-06,0.04301,91,8.54E-10,1.05E-06,1.35E-06,319360
5,45,6.10E-07,27.18318,4.4238,7.62E-08,16.21187,6.10372,28.2,1.05E-06,0.04301,91,8.61E-10,1.05E-06,1.35E-06,319360
5,45.5,6.10E-07,27.18318,4.4238,7.69E-08,16.21187,6.10372,28.2,1.05E-06,0.04301,91,8.69E-10,1.05E-06,1.36E-06,319360
5,46,6.10E-07,27.18318,4.4238,7.76E-08,16.21187,6.10372,28.2,1.05E-06,0.04301,91,8.76E-10,1.05E-06,1.36E-06,319360
5,46.5,6.11E-07,27.18318,4.4238,7.82E-08,16.21187,6.10372,28.2,1.05E-06,0.04301,91,8.84E-10,1.05E-06,1.37E-06,319360
5,47,6.11E-07,27.18318,4.4238,7.89E-08,16.21187,6.10372,28.2,1.06E-06,0.04301,91,8.91E-10,1.05E-06,1.37E-06,319360
5,47.5,6.12E-07,27.18318,4.4238,7.96E-08,16.21187,6.10372,28.2,1.06E-06,0.04301,91,8.99E-10,1.06E-06,1.37E-06,319360
5,48,6.12E-07,27.18318,4.4238,8.02E-08,16.21187,6.10372,28.2,1.06E-06,0.04301,91,9.06E-10,1.06E-06,1.38E-06,319360
5,48.5,6.12E-07,27.18318,4.4238,8.09E-08,16.21187,6.10372,28.2,1.06E-06,0.04301,91,9.14E-10,1.06E-06,1.38E-06,319360
5,49,6.13E-07,27.18318,4.4238,8.16E-08,16.21187,6.10372,28.2,1.06E-06,0.04301,91,9.21E-10,1.06E-06,1.39E-06,319360
5,49.5,6.13E-07,27.18318,4.4238,8.22E-08,16.21187,6.10372,28.2,1.06E-06,0.04301,91,9.29E-10,1.06E-06,1.39E-06,319360
5,50,6.13E-07,27.18318,4.4238,8.29E-08,16.21187,6.10372,28.2,1.06E-06,0.04301,91,9.37E-10,1.06E-06,1.40E-06,319360
