run_ID,Time,CH4_aq,H2_aq,HCO3,HS,SO4,pH,Temp,CH4_g,CO2_g,H2_g,H2S_g,Biomass_MET,Biomass_SRB,Rxn_rate_MET,Rxn_rate_SRB
1,0,7.91E-07,37.10107176,1.9813,2.81E-08,7.2608034,6.1009,28.2,1.00E-06,0.0243,91.000004,2.62E-10,1.00E-08,1.00E-08,2.88E-22,4.22E-22
1,0.5,7.91E-07,37.10107176,1.9813,2.81E-08,7.2608034,6.1009,28.2,1.00E-06,0.0243,91.000004,2.62E-10,1.00E-08,1.00E-08,2.88E-22,4.23E-22
1,1,7.91E-07,37.10107176,1.9813,2.81E-08,7.2608034,6.1009,28.2,1.00E-06,0.0243,91.000004,2.62E-10,1.00E-08,1.01E-08,2.88E-22,4.25E-22
1,1.5,7.91E-07,37.10107176,1.9813,2.81E-08,7.2608034,6.1009,28.2,1.00E-06,0.0243,91.000004,2.62E-10,1.00E-08,1.01E-08,2.88E-22,4.26E-22
1,2,7.91E-07,37.10107176,1.9813,2.81E-08,7.2608034,6.1009,28.2,1.00E-06,0.0243,91.000004,2.62E-10,1.00E-08,1.01E-08,2.89E-22,4.28E-22
1,2.5,7.91E-07,37.10107176,1.9813,2.82E-08,7.2608034,6.1009,28.2,1.00E-06,0.0243,91.000004,2.63E-10,1.00E-08,1.02E-08,2.89E-22,4.29E-22
1,3,7.91E-07,37.10107176,1.9813,2.82E-08,7.2608034,6.1009,28.2,1.00E-06,0.0243,91.000004,2.63E-10,1.00E-08,1.02E-08,2.89E-22,4.30E-22
1,3.5,7.91E-07,37.10107176,1.9813,2.82E-08,7.2608034,6.1009,28.2,1.00E-06,0.0243,91.000004,2.63E-10,1.00E-08,1.02E-08,2.89E-22,4.32E-22
1,4,7.91E-07,37.10107176,1.9813,2.82E-08,7.2608034,6.1009,28.2,1.00E-06,0.0243,91.000004,2.63E-10,1.00E-08,1.03E-08,2.89E-22,4.33E-22
1,4.5,7.91E-07,37.10107176,1.9813,2.82E-08,7.2608034,6.1009,28.2,1.00E-06,0.0243,91.000004,2.63E-10,1.01E-08,1.03E-08,2.89E-22,4.35E-22
1,5,7.91E-07,37.10107176,1.9813,2.82E-08,7.2608034,6.1009,28.2,1.00E-06,0.0243,91.000004,2.63E-10,1.01E-08,1.03E-08,2.90E-22,4.36E-22
1,5.5,7.91E-07,37.10107176,1.9813,2.82E-08,7.2608034,6.1009,28.2,1.00E-06,0.0243,91.000004,2.63E-10,1.01E-08,1.04E-08,2.90E-22,4.38E-22
1,6,7.91E-07,37.10107176,1.9813,2.82E-08,7.2608034,6.1009,28.2,1.00E-06,0.0243,91.000004,2.63E-10,1.01E-08,1.04E-08,2.90E-22,4.39E-22
1,6.5,7.91E-07,37.10107176,1.9813,2.82E-08,7.2608034,6.1009,28.2,1.00E-06,0.0243,91.000004,2.63E-10,1.01E-08,1.04E-08,2.90E-22,4.41E-22
1,7,7.91E-07,37.10107176,1.9813,2.82E-08,7.2608034,6.1009,28.2,1.00E-06,0.0243,91.000004,2.63E-10,1.01E-08,1.05E-08,2.90E-22,4.42E-22
1,7.5,7.91E-07,37.10107176,1.9813,2.82E-08,7.2608034,6.1009,28.2,1.00E-06,0.0243,91.000004,2.63E-10,1.01E-08,1.05E-08,2.90E-22,4.44E-22
1,8,7.91E-07,37.10107176,1.9813,2.82E-08,7.2608034,6.1009,28.2,1.00E-06,0.0243,91.000004,2.63E-10,1.01E-08,1.05E-08,2.91E-22,4.45E-22
1,8.5,7.91E-07,37.10107176,1.9813,2.82E-08,7.2608034,6.1009,28.2,1.00E-06,0.0243,91.000004,2.63E-10,1.01E-08,1.06E-08,2.91E-22,4.47E-22
1,9,7.91E-07,37.10107176,1.9813,2.82E-08,7.2608034,6.1009,28.2,1.00E-06,0.0243,91.000004,2.63E-10,1.01E-08,1.06E-08,2.91E-22,4.48E-22
1,9.5,7.91E-07,37.10107176,1.9813,2.82E-08,7.2608034,6.1009,28.2,1.00E-06,0.0243,91.000004,2.63E-10,1.01E-08,1.07E-08,2.91E-22,4.50E-22
1,10,7.91E-07,37.10107176,1.9813,2.82E-08,7.2608034,6.1009,28.2,1.00E-06,0.0243,91.000004,2.63E-10,1.01E-08,1.07E-08,2.91E-22,4.51E-22
1,10.5,7.91E-07,37.10107176,1.9813,2.82E-08,7.2608034,6.1009,28.2,1.00E-06,0.0243,91.000004,2.63E-10,1.01E-08,1.07E-08,2.91E-22,4.53E-22
1,11,7.91E-07,37.10107176,1.9813,2.83E-08,7.2608034,6.1009,28.2,1.00E-06,0.0243,91.000004,2.64E-10,1.01E-08,1.08E-08,2.92E-22,4.54E-22
1,11.5,7.91E-07,37.10107176,1.9813,2.83E-08,7.2608034,6.1009,28.2,1.00E-06,0.0243,91.000004,2.64E-10,1.01E-08,1.08E-08,2.92E-22,4.56E-22
1,12,7.91E-07,37.10107176,1.9813,2.83E-08,7.2608034,6.1009,28.2,1.00E-06,0.0243,91.000004,2.64E-10,1.01E-08,1.08E-08,2.92E-22,4.57E-22
1,12.5,7.91E-07,37.10107176,1.9813,2.83E-08,7.2608034,6.1009,28.2,1.00E-06,0.0243,91.000004,2.64E-10,1.01E-08,1.09E-08,2.92E-22,4.59E-22
1,13,7.91E-07,37.10107176,1.9813,2.83E-08,7.2608034,6.1009,28.2,1.00E-06,0.0243,91.000004,2.64E-10,1.01E-08,1.09E-08,2.92E-22,4.60E-22
1,13.5,7.91E-07,37.10107176,1.9813,2.83E-08,7.2608034,6.1009,28.2,1.00E-06,0.0243,91.000004,2.64E-10,1.02E-08,1.09E-08,2.92E-22,4.62E-22
1,14,7.91E-07,37.10107176,1.9813,2.83E-08,7.2608034,6.1009,28.2,1.00E-06,0.0243,91.000004,2.64E-10,1.02E-08,1.10E-08,2.93E-22,4.63E-22
1,14.5,7.91E-07,37.10107176,1.9813,2.83E-08,7.2608034,6.1009,28.2,1.00E-06,0.0243,91.000004,2.64E-10,1.02E-08,1.10E-08,2.93E-22,4.65E-22
1,15,7.91E-07,37.10107176,1.9813,2.83E-08,7.2608034,6.1009,28.2,1.00E-06,0.0243,91.000004,2.64E-10,1.02E-08,1.11E-08,2.93E-22,4.66E-22
1,15.5,7.91E-07,37.10107176,1.9813,2.83E-08,7.2608034,6.1009,28.2,1.00E-06,0.0243,91.000004,2.64E-10,1.02E-08,1.11E-08,2.93E-22,4.68E-22
1,16,7.91E-07,37.10107176,1.9813,2.83E-08,7.2608034,6.1009,28.2,1.00E-06,0.0243,91.000004,2.64E-10,1.02E-08,1.11E-08,2.93E-22,4.69E-22
1,16.5,7.91E-07,37.10107176,1.9813,2.83E-08,7.2608034,6.1009,28.2,1.00E-06,0.0243,91.000004,2.64E-10,1.02E-08,1.12E-08,2.93E-22,4.71E-22
1,17,7.91E-07,37.10107176,1.9813,2.83E-08,7.2608034,6.1009,28.2,1.00E-06,0.0243,91.000004,2.64E-10,1.02E-08,1.12E-08,2.94E-22,4.73E-22
1,17.5,7.91E-07,37.10107176,1.9813,2.83E-08,7.2608034,6.1009,28.2,1.00E-06,0.0243,91.000004,2.64E-10,1.02E-08,1.12E-08,2.94E-22,4.74E-22
1,18,7.91E-07,37.10107176,1.9813,2.83E-08,7.2608034,6.1009,28.2,1.00E-06,0.0243,91.000004,2.64E-10,1.02E-08,1.13E-08,2.94E-22,4.76E-22
1,18.5,7.91E-07,37.10107176,1.9813,2.84E-08,7.2608034,6.1009,28.2,1.00E-06,0.0243,91.000004,2.64E-10,1.02E-08,1.13E-08,2.94E-22,4.77E-22
1,19,7.91E-07,37.10107176,1.9813,2.84E-08,7.2608034,6.1009,28.2,1.00E-06,0.0243,91.000004,2.64E-10,1.02E-08,1.14E-08,2.94E-22,4.79E-22
1,19.5,7.91E-07,37.10107176,1.9813,2.84E-08,7.2608034,6.1009,28.2,1.00E-06,0.0243,91.000004,2.65E-10,1.02E-08,1.14E-08,2.94E-22,4.81E-22
1,20,7.91E-07,37.10107176,1.9813,2.84E-08,7.2608034,6.1009,28.2,1.00E-06,0.0243,91.000004,2.65E-10,1.02E-08,1.14E-08,2.95E-22,4.82E-22
1,20.5,7.91E-07,37.10107176,1.9813,2.84E-08,7.2608034,6.1009,28.2,1.00E-06,0.0243,91.000004,2.65E-10,1.02E-08,1.15E-08,2.95E-22,4.84E-22
1,21,7.91E-07,37.10107176,1.9813,2.84E-08,7.2608034,6.1009,28.2,1.00E-06,0.0243,91.000004,2.65E-10,1.02E-08,1.15E-08,2.95E-22,4.85E-22
1,21.5,7.91E-07,37.10107176,1.9813,2.84E-08,7.2608034,6.1009,28.2,1.00E-06,0.0243,91.000004,2.65E-10,1.02E-08,1.15E-08,2.95E-22,4.87E-22
1,22,7.91E-07,37.10107176,1.9813,2.84E-08,7.2608034,6.1009,28.2,1.00E-06,0.0243,91.000004,2.65E-10,1.03E-08,1.16E-08,2.95E-22,4.89E-22
1,22.5,7.91E-07,37.10107176,1.9813,2.84E-08,7.2608034,6.1009,28.2,1.00E-06,0.0243,91.000004,2.65E-10,1.03E-08,1.16E-08,2.95E-22,4.90E-22
1,23,7.91E-07,37.10107176,1.9813,2.84E-08,7.2608034,6.1009,28.2,1.00E-06,0.0243,91.000004,2.65E-10,1.03E-08,1.17E-08,2.96E-22,4.92E-22
1,23.5,7.91E-07,37.10107176,1.9813,2.84E-08,7.2608034,6.1009,28.2,1.00E-06,0.0243,91.000004,2.65E-10,1.03E-08,1.17E-08,2.96E-22,4.94E-22
1,24,7.91E-07,37.10107176,1.9813,2.84E-08,7.2608034,6.1009,28.2,1.00E-06,0.0243,91.000004,2.65E-10,1.03E-08,1.17E-08,2.96E-22,4.95E-22
1,24.5,7.91E-07,37.10107176,1.9813,2.84E-08,7.2608034,6.1009,28.2,1.00E-06,0.0243,91.000004,2.65E-10,1.03E-08,1.18E-08,2.96E-22,4.97E-22
1,25,7.91E-07,37.10107176,1.9813,2.84E-08,7.2608034,6.1009,28.2,1.00E-06,0.0243,91.000004,2.65E-10,1.03E-08,1.18E-08,2.96E-22,4.98E-22
1,25.5,7.91E-07,37.10107176,1.9813,2.84E-08,7.2608034,6.1009,28.2,1.00E-06,0.0243,91.000004,2.65E-10,1.03E-08,1.19E-08,2.96E-22,5.00E-22
1,26,7.91E-07,37.10107176,1.9813,2.85E-08,7.2608034,6.1009,28.2,1.00E-06,0.0243,91.000004,2.65E-10,1.03E-08,1.19E-08,2.97E-22,5.02E-22
1,26.5,7.91E-07,37.10107176,1.9813,2.85E-08,7.2608034,6.1009,28.2,1.00E-06,0.0243,91.000004,2.65E-10,1.03E-08,1.19E-08,2.97E-22,5.04E-22
1,27,7.91E-07,37.10107176,1.9813,2.85E-08,7.2608034,6.1009,28.2,1.00E-06,0.0243,91.000004,2.66E-10,1.03E-08,1.20E-08,2.97E-22,5.05E-22
1,27.5,7.91E-07,37.10107176,1.9813,2.85E-08,7.2608034,6.1009,28.2,1.00E-06,0.0243,91.000004,2.66E-10,1.03E-08,1.20E-08,2.97E-22,5.07E-22
1,28,7.91E-07,37.10107176,1.9813,2.85E-08,7.2608034,6.1009,28.2,1.00E-06,0.0243,91.000004,2.66E-10,1.03E-08,1.21E-08,2.97E-22,5.09E-22
1,28.5,7.91E-07,37.10107176,1.9813,2.85E-08,7.2608034,6.1009,28.2,1.00E-06,0.0243,91.000004,2.66E-10,1.03E-08,1.21E-08,2.97E-22,5.10E-22
1,29,7.91E-07,37.10107176,1.9813,2.85E-08,7.2608034,6.1009,28.2,1.00E-06,0.0243,91.000004,2.66E-10,1.03E-08,1.21E-08,2.98E-22,5.12E-22
1,29.5,7.91E-07,37.10107176,1.9813,2.85E-08,7.2608034,6.1009,28.2,1.00E-06,0.0243,91.000004,2.66E-10,1.03E-08,1.22E-08,2.98E-22,5.14E-22
1,30,7.91E-07,37.10107176,1.9813,2.85E-08,7.2608034,6.1009,28.2,1.00E-06,0.0243,91.000004,2.66E-10,1.03E-08,1.22E-08,2.98E-22,5.15E-22
1,30.5,7.91E-07,37.10107176,1.9813,2.85E-08,7.2608034,6.1009,28.2,1.00E-06,0.0243,91.000004,2.66E-10,1.04E-08,1.23E-08,2.98E-22,5.17E-22
1,31,7.91E-07,37.10107176,1.9813,2.85E-08,7.2608034,6.1009,28.2,1.00E-06,0.0243,91.000004,2.66E-10,1.04E-08,1.23E-08,2.98E-22,5.19E-22
1,31.5,7.91E-07,37.10107176,1.9813,2.85E-08,7.2608034,6.1009,28.2,1.00E-06,0.0243,91.000004,2.66E-10,1.04E-08,1.23E-08,2.98E-22,5.21E-22
1,32,7.91E-07,37.10107176,1.9813,2.85E-08,7.2608034,6.1009,28.2,1.00E-06,0.0243,91.000004,2.66E-10,1.04E-08,1.24E-08,2.99E-22,5.22E-22
1,32.5,7.91E-07,37.10107176,1.9813,2.85E-08,7.2608034,6.1009,28.2,1.00E-06,0.0243,91.000004,2.66E-10,1.04E-08,1.24E-08,2.99E-22,5.24E-22
1,33,7.91E-07,37.10107176,1.9813,2.86E-08,7.2608034,6.1009,28.2,1.00E-06,0.0243,91.000004,2.66E-10,1.04E-08,1.25E-08,2.99E-22,5.26E-22
1,33.5,7.91E-07,37.10107176,1.9813,2.86E-08,7.2608034,6.1009,28.2,1.00E-06,0.0243,91.000004,2.66E-10,1.04E-08,1.25E-08,2.99E-22,5.28E-22
1,34,7.91E-07,37.10107176,1.9813,2.86E-08,7.2608034,6.1009,28.2,1.00E-06,0.0243,91.000004,2.66E-10,1.04E-08,1.25E-08,2.99E-22,5.29E-22
1,34.5,7.91E-07,37.10107176,1.9813,2.86E-08,7.2608034,6.1009,28.2,1.00E-06,0.0243,91.000004,2.67E-10,1.04E-08,1.26E-08,2.99E-22,5.31E-22
1,35,7.91E-07,37.10107176,1.9813,2.86E-08,7.2608034,6.1009,28.2,1.00E-06,0.0243,91.000004,2.67E-10,1.04E-08,1.26E-08,3.00E-22,5.33E-22
1,35.5,7.91E-07,37.10107176,1.9813,2.86E-08,7.2608034,6.1009,28.2,1.00E-06,0.0243,91.000004,2.67E-10,1.04E-08,1.27E-08,3.00E-22,5.35E-22
1,36,7.91E-07,37.10107176,1.9813,2.86E-08,7.2608034,6.1009,28.2,1.00E-06,0.0243,91.000004,2.67E-10,1.04E-08,1.27E-08,3.00E-22,5.36E-22
1,36.5,7.91E-07,37.10107176,1.9813,2.86E-08,7.2608034,6.1009,28.2,1.00E-06,0.0243,91.000004,2.67E-10,1.04E-08,1.28E-08,3.00E-22,5.38E-22
1,37,7.91E-07,37.10107176,1.9813,2.86E-08,7.2608034,6.1009,28.2,1.00E-06,0.0243,91.000004,2.67E-10,1.04E-08,1.28E-08,3.00E-22,5.40E-22
1,37.5,7.91E-07,37.10107176,1.9813,2.86E-08,7.2608034,6.1009,28.2,1.00E-06,0.0243,91.000004,2.67E-10,1.04E-08,1.28E-08,3.01E-22,5.42E-22
1,38,7.91E-07,37.10107176,1.9813,2.86E-08,7.2608034,6.1009,28.2,1.00E-06,0.0243,91.000004,2.67E-10,1.04E-08,1.29E-08,3.01E-22,5.44E-22
1,38.5,7.91E-07,37.10107176,1.9813,2.86E-08,7.2608034,6.1009,28.2,1.00E-06,0.0243,91.000004,2.67E-10,1.04E-08,1.29E-08,3.01E-22,5.45E-22
1,39,7.91E-07,37.10107176,1.9813,2.86E-08,7.2608034,6.1009,28.2,1.00E-06,0.0243,91.000004,2.67E-10,1.05E-08,1.30E-08,3.01E-22,5.47E-22
1,39.5,7.91E-07,37.10107176,1.9813,2.87E-08,7.2608034,6.1009,28.2,1.00E-06,0.0243,91.000004,2.67E-10,1.05E-08,1.30E-08,3.01E-22,5.49E-22
1,40,7.91E-07,37.10107176,1.9813,2.87E-08,7.2608034,6.1009,28.2,1.00E-06,0.0243,91.000004,2.67E-10,1.05E-08,1.31E-08,3.01E-22,5.51E-22
1,40.5,7.91E-07,37.10107176,1.9813,2.87E-08,7.2608034,6.1009,28.2,1.00E-06,0.0243,91.000004,2.67E-10,1.05E-08,1.31E-08,3.02E-22,5.53E-22
1,41,7.91E-07,37.10107176,1.9813,2.87E-08,7.2608034,6.1009,28.2,1.00E-06,0.0243,91.000004,2.67E-10,1.05E-08,1.31E-08,3.02E-22,5.55E-22
1,41.5,7.91E-07,37.10107176,1.9813,2.87E-08,7.2608034,6.1009,28.2,1.00E-06,0.0243,91.000004,2.67E-10,1.05E-08,1.32E-08,3.02E-22,5.56E-22
1,42,7.91E-07,37.10107176,1.9813,2.87E-08,7.2608034,6.1009,28.2,1.00E-06,0.0243,91.000004,2.68E-10,1.05E-08,1.32E-08,3.02E-22,5.58E-22
1,42.5,7.91E-07,37.10107175,1.9813,2.87E-08,7.2608034,6.1009,28.2,1.00E-06,0.0243,91.000004,2.68E-10,1.05E-08,1.33E-08,3.02E-22,5.60E-22
1,43,7.91E-07,37.10107175,1.9813,2.87E-08,7.2608034,6.1009,28.2,1.00E-06,0.0243,91.000004,2.68E-10,1.05E-08,1.33E-08,3.02E-22,5.62E-22
1,43.5,7.91E-07,37.10107175,1.9813,2.87E-08,7.2608034,6.1009,28.2,1.00E-06,0.0243,91.000004,2.68E-10,1.05E-08,1.34E-08,3.03E-22,5.64E-22
1,44,7.91E-07,37.10107175,1.9813,2.87E-08,7.2608034,6.1009,28.2,1.00E-06,0.0243,91.000004,2.68E-10,1.05E-08,1.34E-08,3.03E-22,5.66E-22
1,44.5,7.91E-07,37.10107175,1.9813,2.87E-08,7.2608034,6.1009,28.2,1.00E-06,0.0243,91.000004,2.68E-10,1.05E-08,1.35E-08,3.03E-22,5.68E-22
1,45,7.91E-07,37.10107175,1.9813,2.87E-08,7.2608034,6.1009,28.2,1.00E-06,0.0243,91.000004,2.68E-10,1.05E-08,1.35E-08,3.03E-22,5.70E-22
1,45.5,7.91E-07,37.10107175,1.9813,2.87E-08,7.2608034,6.1009,28.2,1.00E-06,0.0243,91.000004,2.68E-10,1.05E-08,1.35E-08,3.03E-22,5.72E-22
1,46,7.91E-07,37.10107175,1.9813,2.88E-08,7.2608034,6.1009,28.2,1.00E-06,0.0243,91.000004,2.68E-10,1.05E-08,1.36E-08,3.03E-22,5.73E-22
1,46.5,7.91E-07,37.10107175,1.9813,2.88E-08,7.2608034,6.1009,28.2,1.00E-06,0.0243,91.000004,2.68E-10,1.05E-08,1.36E-08,3.04E-22,5.75E-22
1,47,7.91E-07,37.10107175,1.9813,2.88E-08,7.2608034,6.1009,28.2,1.00E-06,0.0243,91.000004,2.68E-10,1.05E-08,1.37E-08,3.04E-22,5.77E-22
1,47.5,7.91E-07,37.10107175,1.9813,2.88E-08,7.2608034,6.1009,28.2,1.00E-06,0.0243,91.000004,2.68E-10,1.06E-08,1.37E-08,3.04E-22,5.79E-22
1,48,7.91E-07,37.10107175,1.9813,2.88E-08,7.2608034,6.1009,28.2,1.00E-06,0.0243,91.000004,2.68E-10,1.06E-08,1.38E-08,3.04E-22,5.81E-22
1,48.5,7.91E-07,37.10107175,1.9813,2.88E-08,7.2608034,6.1009,28.2,1.00E-06,0.0243,91.000004,2.69E-10,1.06E-08,1.38E-08,3.04E-22,5.83E-22
1,49,7.91E-07,37.10107175,1.9813,2.88E-08,7.2608034,6.1009,28.2,1.00E-06,0.0243,91.000004,2.69E-10,1.06E-08,1.39E-08,3.04E-22,5.85E-22
1,49.5,7.91E-07,37.10107175,1.9813,2.88E-08,7.2608034,6.1009,28.2,1.00E-06,0.0243,91.000004,2.69E-10,1.06E-08,1.39E-08,3.05E-22,5.87E-22
1,50,7.91E-07,37.10107175,1.9813,2.88E-08,7.2608034,6.1009,28.2,1.00E-06,0.0243,91.000004,2.69E-10,1.06E-08,1.40E-08,3.05E-22,5.89E-22
2,0,7.91E-07,37.10107176,1.9813,2.81E-08,7.2608034,6.1009,28.2,1.00E-06,0.0243,91.000004,2.62E-10,1.00E-07,1.00E-07,2.88E-21,4.22E-21
2,0.5,7.91E-07,37.10107176,1.9813,2.82E-08,7.2608034,6.1009,28.2,1.00E-06,0.0243,91.000004,2.63E-10,1.00E-07,1.00E-07,2.88E-21,4.23E-21
2,1,7.91E-07,37.10107176,1.9813,2.82E-08,7.2608034,6.1009,28.2,1.00E-06,0.0243,91.000004,2.63E-10,1.00E-07,1.01E-07,2.88E-21,4.25E-21
2,1.5,7.91E-07,37.10107176,1.9813,2.83E-08,7.2608034,6.1009,28.2,1.00E-06,0.0243,91.000004,2.64E-10,1.00E-07,1.01E-07,2.88E-21,4.26E-21
2,2,7.91E-07,37.10107176,1.9813,2.84E-08,7.2608034,6.1009,28.2,1.00E-06,0.0243,91.000004,2.64E-10,1.00E-07,1.01E-07,2.89E-21,4.28E-21
2,2.5,7.91E-07,37.10107176,1.9813,2.84E-08,7.2608034,6.1009,28.2,1.00E-06,0.0243,91.000004,2.65E-10,1.00E-07,1.02E-07,2.89E-21,4.29E-21
2,3,7.91E-07,37.10107176,1.9813,2.85E-08,7.2608034,6.1009,28.2,1.00E-06,0.0243,91.000004,2.66E-10,1.00E-07,1.02E-07,2.89E-21,4.30E-21
2,3.5,7.91E-07,37.10107176,1.9813,2.85E-08,7.2608034,6.1009,28.2,1.00E-06,0.0243,91.000004,2.66E-10,1.00E-07,1.02E-07,2.89E-21,4.32E-21
2,4,7.91E-07,37.10107176,1.9813,2.86E-08,7.2608034,6.1009,28.2,1.00E-06,0.0243,91.000004,2.67E-10,1.00E-07,1.03E-07,2.89E-21,4.33E-21
2,4.5,7.91E-07,37.10107176,1.9813,2.87E-08,7.2608034,6.1009,28.2,1.00E-06,0.0243,91.000004,2.67E-10,1.01E-07,1.03E-07,2.89E-21,4.35E-21
2,5,7.91E-07,37.10107175,1.9813,2.87E-08,7.2608034,6.1009,28.2,1.00E-06,0.0243,91.000004,2.68E-10,1.01E-07,1.03E-07,2.90E-21,4.36E-21
2,5.5,7.91E-07,37.10107175,1.9813,2.88E-08,7.2608034,6.1009,28.2,1.00E-06,0.0243,91.000004,2.68E-10,1.01E-07,1.04E-07,2.90E-21,4.38E-21
2,6,7.91E-07,37.10107175,1.9813,2.88E-08,7.2608034,6.1009,28.2,1.00E-06,0.0243,91.000004,2.69E-10,1.01E-07,1.04E-07,2.90E-21,4.39E-21
2,6.5,7.91E-07,37.10107175,1.9813,2.89E-08,7.2608034,6.1009,28.2,1.00E-06,0.0243,91.000004,2.70E-10,1.01E-07,1.04E-07,2.90E-21,4.41E-21
2,7,7.91E-07,37.10107175,1.9813,2.90E-08,7.2608034,6.1009,28.2,1.00E-06,0.0243,91.000004,2.70E-10,1.01E-07,1.05E-07,2.90E-21,4.42E-21
2,7.5,7.91E-07,37.10107175,1.9813,2.90E-08,7.2608034,6.1009,28.2,1.00E-06,0.0243,91.000004,2.71E-10,1.01E-07,1.05E-07,2.90E-21,4.44E-21
2,8,7.91E-07,37.10107175,1.9813,2.91E-08,7.2608034,6.1009,28.2,1.00E-06,0.0243,91.000004,2.71E-10,1.01E-07,1.05E-07,2.91E-21,4.45E-21
2,8.5,7.91E-07,37.10107175,1.9813,2.91E-08,7.2608034,6.1009,28.2,1.00E-06,0.0243,91.000004,2.72E-10,1.01E-07,1.06E-07,2.91E-21,4.47E-21
2,9,7.91E-07,37.10107175,1.9813,2.92E-08,7.2608034,6.1009,28.2,1.00E-06,0.0243,91.000004,2.72E-10,1.01E-07,1.06E-07,2.91E-21,4.48E-21
2,9.5,7.91E-07,37.10107175,1.9813,2.93E-08,7.2608034,6.1009,28.2,1.00E-06,0.0243,91.000004,2.73E-10,1.01E-07,1.07E-07,2.91E-21,4.50E-21
2,10,7.91E-07,37.10107175,1.9813,2.93E-08,7.2608034,6.1009,28.2,1.00E-06,0.0243,91.000004,2.74E-10,1.01E-07,1.07E-07,2.91E-21,4.51E-21
2,10.5,7.91E-07,37.10107175,1.9813,2.94E-08,7.2608034,6.1009,28.2,1.00E-06,0.0243,91.000004,2.74E-10,1.01E-07,1.07E-07,2.91E-21,4.53E-21
2,11,7.91E-07,37.10107175,1.9813,2.95E-08,7.2608034,6.1009,28.2,1.00E-06,0.0243,91.000004,2.75E-10,1.01E-07,1.08E-07,2.92E-21,4.54E-21
2,11.5,7.92E-07,37.10107175,1.9813,2.95E-08,7.2608034,6.1009,28.2,1.00E-06,0.0243,91.000004,2.75E-10,1.01E-07,1.08E-07,2.92E-21,4.56E-21
2,12,7.92E-07,37.10107175,1.9813,2.96E-08,7.2608034,6.1009,28.2,1.00E-06,0.0243,91.000004,2.76E-10,1.01E-07,1.08E-07,2.92E-21,4.57E-21
2,12.5,7.92E-07,37.10107175,1.9813,2.96E-08,7.2608034,6.1009,28.2,1.00E-06,0.0243,91.000004,2.76E-10,1.01E-07,1.09E-07,2.92E-21,4.59E-21
2,13,7.92E-07,37.10107175,1.9813,2.97E-08,7.2608034,6.1009,28.2,1.00E-06,0.0243,91.000004,2.77E-10,1.01E-07,1.09E-07,2.92E-21,4.60E-21
2,13.5,7.92E-07,37.10107175,1.9813,2.98E-08,7.2608034,6.1009,28.2,1.00E-06,0.0243,91.000004,2.78E-10,1.02E-07,1.09E-07,2.92E-21,4.62E-21
2,14,7.92E-07,37.10107175,1.9813,2.98E-08,7.2608034,6.1009,28.2,1.00E-06,0.0243,91.000004,2.78E-10,1.02E-07,1.10E-07,2.93E-21,4.63E-21
2,14.5,7.92E-07,37.10107175,1.9813,2.99E-08,7.2608034,6.1009,28.2,1.00E-06,0.0243,91.000004,2.79E-10,1.02E-07,1.10E-07,2.93E-21,4.65E-21
2,15,7.92E-07,37.10107175,1.9813,3.00E-08,7.2608034,6.1009,28.2,1.00E-06,0.0243,91.000004,2.79E-10,1.02E-07,1.11E-07,2.93E-21,4.66E-21
2,15.5,7.92E-07,37.10107175,1.9813,3.00E-08,7.2608034,6.1009,28.2,1.00E-06,0.0243,91.000004,2.80E-10,1.02E-07,1.11E-07,2.93E-21,4.68E-21
2,16,7.92E-07,37.10107175,1.9813,3.01E-08,7.2608034,6.1009,28.2,1.00E-06,0.0243,91.000004,2.81E-10,1.02E-07,1.11E-07,2.93E-21,4.69E-21
2,16.5,7.92E-07,37.10107175,1.9813,3.02E-08,7.2608034,6.1009,28.2,1.00E-06,0.0243,91.000004,2.81E-10,1.02E-07,1.12E-07,2.93E-21,4.71E-21
2,17,7.92E-07,37.10107174,1.9813,3.02E-08,7.2608034,6.1009,28.2,1.00E-06,0.0243,91.000004,2.82E-10,1.02E-07,1.12E-07,2.94E-21,4.73E-21
2,17.5,7.92E-07,37.10107174,1.9813,3.03E-08,7.2608034,6.1009,28.2,1.00E-06,0.0243,91.000004,2.83E-10,1.02E-07,1.12E-07,2.94E-21,4.74E-21
2,18,7.92E-07,37.10107174,1.9813,3.04E-08,7.2608034,6.1009,28.2,1.00E-06,0.0243,91.000004,2.83E-10,1.02E-07,1.13E-07,2.94E-21,4.76E-21
2,18.5,7.92E-07,37.10107174,1.9813,3.04E-08,7.2608034,6.1009,28.2,1.00E-06,0.0243,91.000004,2.84E-10,1.02E-07,1.13E-07,2.94E-21,4.77E-21
2,19,7.92E-07,37.10107174,1.9813,3.05E-08,7.2608034,6.1009,28.2,1.00E-06,0.0243,91.000004,2.84E-10,1.02E-07,1.14E-07,2.94E-21,4.79E-21
2,19.5,7.92E-07,37.10107174,1.9813,3.06E-08,7.2608034,6.1009,28.2,1.00E-06,0.0243,91.000004,2.85E-10,1.02E-07,1.14E-07,2.94E-21,4.81E-21
2,20,7.92E-07,37.10107174,1.9813,3.06E-08,7.2608034,6.1009,28.2,1.00E-06,0.0243,91.000004,2.86E-10,1.02E-07,1.14E-07,2.95E-21,4.82E-21
2,20.5,7.92E-07,37.10107174,1.9813,3.07E-08,7.2608034,6.1009,28.2,1.00E-06,0.0243,91.000004,2.86E-10,1.02E-07,1.15E-07,2.95E-21,4.84E-21
2,21,7.92E-07,37.10107174,1.9813,3.08E-08,7.2608034,6.1009,28.2,1.00E-06,0.0243,91.000004,2.87E-10,1.02E-07,1.15E-07,2.95E-21,4.85E-21
2,21.5,7.92E-07,37.10107174,1.9813,3.08E-08,7.2608034,6.1009,28.2,1.00E-06,0.0243,91.000004,2.87E-10,1.02E-07,1.15E-07,2.95E-21,4.87E-21
2,22,7.92E-07,37.10107174,1.9813,3.09E-08,7.2608034,6.1009,28.2,1.00E-06,0.0243,91.000004,2.88E-10,1.03E-07,1.16E-07,2.95E-21,4.89E-21
2,22.5,7.92E-07,37.10107174,1.9813,3.10E-08,7.2608034,6.1009,28.2,1.00E-06,0.0243,91.000004,2.89E-10,1.03E-07,1.16E-07,2.95E-21,4.90E-21
2,23,7.92E-07,37.10107174,1.9813,3.10E-08,7.2608034,6.1009,28.2,1.00E-06,0.0243,91.000004,2.89E-10,1.03E-07,1.17E-07,2.96E-21,4.92E-21
2,23.5,7.93E-07,37.10107174,1.9813,3.11E-08,7.2608034,6.1009,28.2,1.00E-06,0.0243,91.000004,2.90E-10,1.03E-07,1.17E-07,2.96E-21,4.94E-21
2,24,7.93E-07,37.10107174,1.9813,3.12E-08,7.2608034,6.1009,28.2,1.00E-06,0.0243,91.000004,2.91E-10,1.03E-07,1.17E-07,2.96E-21,4.95E-21
2,24.5,7.93E-07,37.10107174,1.9813,3.12E-08,7.2608034,6.1009,28.2,1.00E-06,0.0243,91.000004,2.91E-10,1.03E-07,1.18E-07,2.96E-21,4.97E-21
2,25,7.93E-07,37.10107174,1.9813,3.13E-08,7.2608034,6.1009,28.2,1.00E-06,0.0243,91.000004,2.92E-10,1.03E-07,1.18E-07,2.96E-21,4.98E-21
2,25.5,7.93E-07,37.10107174,1.9813,3.14E-08,7.2608034,6.1009,28.2,1.00E-06,0.0243,91.000004,2.93E-10,1.03E-07,1.19E-07,2.96E-21,5.00E-21
2,26,7.93E-07,37.10107174,1.9813,3.14E-08,7.2608034,6.1009,28.2,1.00E-06,0.0243,91.000004,2.93E-10,1.03E-07,1.19E-07,2.97E-21,5.02E-21
2,26.5,7.93E-07,37.10107174,1.9813,3.15E-08,7.2608034,6.1009,28.2,1.00E-06,0.0243,91.000004,2.94E-10,1.03E-07,1.19E-07,2.97E-21,5.04E-21
2,27,7.93E-07,37.10107174,1.9813,3.16E-08,7.2608034,6.1009,28.2,1.00E-06,0.0243,91.000004,2.95E-10,1.03E-07,1.20E-07,2.97E-21,5.05E-21
2,27.5,7.93E-07,37.10107174,1.9813,3.17E-08,7.2608034,6.1009,28.2,1.00E-06,0.0243,91.000004,2.95E-10,1.03E-07,1.20E-07,2.97E-21,5.07E-21
2,28,7.93E-07,37.10107174,1.9813,3.17E-08,7.2608034,6.1009,28.2,1.00E-06,0.0243,91.000004,2.96E-10,1.03E-07,1.21E-07,2.97E-21,5.09E-21
2,28.5,7.93E-07,37.10107173,1.9813,3.18E-08,7.2608034,6.1009,28.2,1.00E-06,0.0243,91.000004,2.97E-10,1.03E-07,1.21E-07,2.97E-21,5.10E-21
2,29,7.93E-07,37.10107173,1.9813,3.19E-08,7.2608034,6.1009,28.2,1.00E-06,0.0243,91.000004,2.97E-10,1.03E-07,1.21E-07,2.98E-21,5.12E-21
2,29.5,7.93E-07,37.10107173,1.9813,3.19E-08,7.2608034,6.1009,28.2,1.00E-06,0.0243,91.000004,2.98E-10,1.03E-07,1.22E-07,2.98E-21,5.14E-21
2,30,7.93E-07,37.10107173,1.9813,3.20E-08,7.2608034,6.1009,28.2,1.00E-06,0.0243,91.000004,2.99E-10,1.03E-07,1.22E-07,2.98E-21,5.15E-21
2,30.5,7.93E-07,37.10107173,1.9813,3.21E-08,7.2608034,6.1009,28.2,1.00E-06,0.0243,91.000004,2.99E-10,1.04E-07,1.23E-07,2.98E-21,5.17E-21
2,31,7.93E-07,37.10107173,1.9813,3.21E-08,7.2608034,6.1009,28.2,1.00E-06,0.0243,91.000004,3.00E-10,1.04E-07,1.23E-07,2.98E-21,5.19E-21
2,31.5,7.93E-07,37.10107173,1.9813,3.22E-08,7.2608034,6.1009,28.2,1.00E-06,0.0243,91.000004,3.01E-10,1.04E-07,1.23E-07,2.98E-21,5.21E-21
2,32,7.93E-07,37.10107173,1.9813,3.23E-08,7.2608034,6.1009,28.2,1.00E-06,0.0243,91.000004,3.01E-10,1.04E-07,1.24E-07,2.99E-21,5.22E-21
2,32.5,7.93E-07,37.10107173,1.9813,3.24E-08,7.2608034,6.1009,28.2,1.00E-06,0.0243,91.000004,3.02E-10,1.04E-07,1.24E-07,2.99E-21,5.24E-21
2,33,7.93E-07,37.10107173,1.9813,3.24E-08,7.2608034,6.1009,28.2,1.00E-06,0.0243,91.000004,3.03E-10,1.04E-07,1.25E-07,2.99E-21,5.26E-21
2,33.5,7.93E-07,37.10107173,1.9813,3.25E-08,7.2608034,6.1009,28.2,1.00E-06,0.0243,91.000004,3.03E-10,1.04E-07,1.25E-07,2.99E-21,5.28E-21
2,34,7.93E-07,37.10107173,1.9813,3.26E-08,7.2608034,6.1009,28.2,1.00E-06,0.0243,91.000004,3.04E-10,1.04E-07,1.25E-07,2.99E-21,5.29E-21
2,34.5,7.93E-07,37.10107173,1.9813,3.27E-08,7.2608034,6.1009,28.2,1.00E-06,0.0243,91.000004,3.05E-10,1.04E-07,1.26E-07,2.99E-21,5.31E-21
2,35,7.93E-07,37.10107173,1.9813,3.27E-08,7.2608034,6.1009,28.2,1.00E-06,0.0243,91.000004,3.05E-10,1.04E-07,1.26E-07,3.00E-21,5.33E-21
2,35.5,7.93E-07,37.10107173,1.9813,3.28E-08,7.2608034,6.1009,28.2,1.00E-06,0.0243,91.000004,3.06E-10,1.04E-07,1.27E-07,3.00E-21,5.35E-21
2,36,7.94E-07,37.10107173,1.9813,3.29E-08,7.2608034,6.1009,28.2,1.00E-06,0.0243,91.000004,3.07E-10,1.04E-07,1.27E-07,3.00E-21,5.36E-21
2,36.5,7.94E-07,37.10107173,1.9813,3.30E-08,7.2608034,6.1009,28.2,1.00E-06,0.0243,91.000004,3.07E-10,1.04E-07,1.28E-07,3.00E-21,5.38E-21
2,37,7.94E-07,37.10107173,1.9813,3.30E-08,7.2608034,6.1009,28.2,1.00E-06,0.0243,91.000004,3.08E-10,1.04E-07,1.28E-07,3.00E-21,5.40E-21
2,37.5,7.94E-07,37.10107173,1.9813,3.31E-08,7.2608034,6.1009,28.2,1.00E-06,0.0243,91.000004,3.09E-10,1.04E-07,1.28E-07,3.01E-21,5.42E-21
2,38,7.94E-07,37.10107173,1.9813,3.32E-08,7.2608034,6.1009,28.2,1.00E-06,0.0243,91.000004,3.09E-10,1.04E-07,1.29E-07,3.01E-21,5.44E-21
2,38.5,7.94E-07,37.10107173,1.9813,3.33E-08,7.2608034,6.1009,28.2,1.00E-06,0.0243,91.000004,3.10E-10,1.04E-07,1.29E-07,3.01E-21,5.45E-21
2,39,7.94E-07,37.10107173,1.9813,3.33E-08,7.2608034,6.1009,28.2,1.00E-06,0.0243,91.000004,3.11E-10,1.05E-07,1.30E-07,3.01E-21,5.47E-21
2,39.5,7.94E-07,37.10107172,1.9813,3.34E-08,7.2608034,6.1009,28.2,1.00E-06,0.0243,91.000004,3.12E-10,1.05E-07,1.30E-07,3.01E-21,5.49E-21
2,40,7.94E-07,37.10107172,1.9813,3.35E-08,7.2608034,6.1009,28.2,1.00E-06,0.0243,91.000004,3.12E-10,1.05E-07,1.31E-07,3.01E-21,5.51E-21
2,40.5,7.94E-07,37.10107172,1.9813,3.36E-08,7.2608034,6.1009,28.2,1.00E-06,0.0243,91.000004,3.13E-10,1.05E-07,1.31E-07,3.02E-21,5.53E-21
2,41,7.94E-07,37.10107172,1.9813,3.36E-08,7.2608034,6.1009,28.2,1.00E-06,0.0243,91.000004,3.14E-10,1.05E-07,1.31E-07,3.02E-21,5.55E-21
2,41.5,7.94E-07,37.10107172,1.9813,3.37E-08,7.2608034,6.1009,28.2,1.00E-06,0.0243,91.000004,3.14E-10,1.05E-07,1.32E-07,3.02E-21,5.56E-21
2,42,7.94E-07,37.10107172,1.9813,3.38E-08,7.2608034,6.1009,28.2,1.00E-06,0.0243,91.000004,3.15E-10,1.05E-07,1.32E-07,3.02E-21,5.58E-21
2,42.5,7.94E-07,37.10107172,1.9813,3.39E-08,7.2608034,6.1009,28.2,1.00E-06,0.0243,91.000004,3.16E-10,1.05E-07,1.33E-07,3.02E-21,5.60E-21
2,43,7.94E-07,37.10107172,1.9813,3.39E-08,7.2608034,6.1009,28.2,1.00E-06,0.0243,91.000004,3.17E-10,1.05E-07,1.33E-07,3.02E-21,5.62E-21
2,43.5,7.94E-07,37.10107172,1.9813,3.40E-08,7.2608034,6.1009,28.2,1.00E-06,0.0243,91.000004,3.17E-10,1.05E-07,1.34E-07,3.03E-21,5.64E-21
2,44,7.94E-07,37.10107172,1.9813,3.41E-08,7.2608034,6.1009,28.2,1.00E-06,0.0243,91.000004,3.18E-10,1.05E-07,1.34E-07,3.03E-21,5.66E-21
2,44.5,7.94E-07,37.10107172,1.9813,3.42E-08,7.2608034,6.1009,28.2,1.00E-06,0.0243,91.000004,3.19E-10,1.05E-07,1.35E-07,3.03E-21,5.68E-21
2,45,7.94E-07,37.10107172,1.9813,3.43E-08,7.2608034,6.1009,28.2,1.00E-06,0.0243,91.000004,3.20E-10,1.05E-07,1.35E-07,3.03E-21,5.70E-21
2,45.5,7.94E-07,37.10107172,1.9813,3.43E-08,7.2608034,6.1009,28.2,1.00E-06,0.0243,91.000004,3.20E-10,1.05E-07,1.35E-07,3.03E-21,5.72E-21
2,46,7.94E-07,37.10107172,1.9813,3.44E-08,7.2608034,6.1009,28.2,1.00E-06,0.0243,91.000004,3.21E-10,1.05E-07,1.36E-07,3.03E-21,5.73E-21
2,46.5,7.94E-07,37.10107172,1.9813,3.45E-08,7.2608034,6.1009,28.2,1.00E-06,0.0243,91.000004,3.22E-10,1.05E-07,1.36E-07,3.04E-21,5.75E-21
2,47,7.94E-07,37.10107172,1.9813,3.46E-08,7.2608034,6.1009,28.2,1.00E-06,0.0243,91.000004,3.22E-10,1.05E-07,1.37E-07,3.04E-21,5.77E-21
2,47.5,7.94E-07,37.10107172,1.9813,3.47E-08,7.2608034,6.1009,28.2,1.00E-06,0.0243,91.000004,3.23E-10,1.06E-07,1.37E-07,3.04E-21,5.79E-21
2,48,7.95E-07,37.10107172,1.9813,3.47E-08,7.2608034,6.1009,28.2,1.00E-06,0.0243,91.000004,3.24E-10,1.06E-07,1.38E-07,3.04E-21,5.81E-21
2,48.5,7.95E-07,37.10107172,1.9813,3.48E-08,7.2608034,6.1009,28.2,1.01E-06,0.0243,91.000004,3.25E-10,1.06E-07,1.38E-07,3.04E-21,5.83E-21
2,49,7.95E-07,37.10107172,1.9813,3.49E-08,7.2608034,6.1009,28.2,1.01E-06,0.0243,91.000004,3.25E-10,1.06E-07,1.39E-07,3.04E-21,5.85E-21
2,49.5,7.95E-07,37.10107171,1.9813,3.50E-08,7.2608034,6.1009,28.2,1.01E-06,0.0243,91.000003,3.26E-10,1.06E-07,1.39E-07,3.05E-21,5.87E-21
2,50,7.95E-07,37.10107171,1.9813,3.51E-08,7.2608034,6.1009,28.2,1.01E-06,0.0243,91.000003,3.27E-10,1.06E-07,1.40E-07,3.05E-21,5.89E-21
3,0,7.91E-07,37.10107176,1.9813,2.81E-08,7.2608034,6.1009,28.2,1.00E-06,0.0243,91.000004,2.62E-10,1.00E-06,1.00E-06,2.88E-20,4.22E-20
3,0.5,7.91E-07,37.10107175,1.9813,2.87E-08,7.2608034,6.1009,28.2,1.00E-06,0.0243,91.000004,2.68E-10,1.00E-06,1.00E-06,2.88E-20,4.23E-20
3,1,7.91E-07,37.10107175,1.9813,2.93E-08,7.2608034,6.1009,28.2,1.00E-06,0.0243,91.000004,2.73E-10,1.00E-06,1.01E-06,2.88E-20,4.25E-20
3,1.5,7.92E-07,37.10107175,1.9813,2.99E-08,7.2608034,6.1009,28.2,1.00E-06,0.0243,91.000004,2.79E-10,1.00E-06,1.01E-06,2.88E-20,4.26E-20
3,2,7.92E-07,37.10107174,1.9813,3.05E-08,7.2608034,6.1009,28.2,1.00E-06,0.0243,91.000004,2.84E-10,1.00E-06,1.01E-06,2.89E-20,4.28E-20
3,2.5,7.93E-07,37.10107174,1.9813,3.11E-08,7.2608034,6.1009,28.2,1.00E-06,0.0243,91.000004,2.90E-10,1.00E-06,1.02E-06,2.89E-20,4.29E-20
3,3,7.93E-07,37.10107173,1.9813,3.17E-08,7.2608034,6.1009,28.2,1.00E-06,0.0243,91.000004,2.95E-10,1.00E-06,1.02E-06,2.89E-20,4.30E-20
3,3.5,7.93E-07,37.10107173,1.9813,3.23E-08,7.2608034,6.1009,28.2,1.00E-06,0.0243,91.000004,3.01E-10,1.00E-06,1.02E-06,2.89E-20,4.32E-20
3,4,7.94E-07,37.10107173,1.9813,3.29E-08,7.2608034,6.1009,28.2,1.00E-06,0.0243,91.000004,3.06E-10,1.00E-06,1.03E-06,2.89E-20,4.33E-20
3,4.5,7.94E-07,37.10107172,1.9813,3.35E-08,7.2608034,6.1009,28.2,1.00E-06,0.0243,91.000004,3.12E-10,1.01E-06,1.03E-06,2.89E-20,4.35E-20
3,5,7.95E-07,37.10107172,1.9813,3.41E-08,7.2608034,6.1009,28.2,1.01E-06,0.0243,91.000004,3.18E-10,1.01E-06,1.03E-06,2.90E-20,4.36E-20
3,5.5,7.95E-07,37.10107171,1.9813,3.47E-08,7.2608034,6.1009,28.2,1.01E-06,0.0243,91.000003,3.23E-10,1.01E-06,1.04E-06,2.90E-20,4.38E-20
3,6,7.95E-07,37.10107171,1.9813,3.53E-08,7.2608034,6.1009,28.2,1.01E-06,0.0243,91.000003,3.29E-10,1.01E-06,1.04E-06,2.90E-20,4.39E-20
3,6.5,7.96E-07,37.10107171,1.9813,3.59E-08,7.2608034,6.1009,28.2,1.01E-06,0.0243,91.000003,3.35E-10,1.01E-06,1.04E-06,2.90E-20,4.41E-20
3,7,7.96E-07,37.1010717,1.9813,3.65E-08,7.2608034,6.1009,28.2,1.01E-06,0.0243,91.000003,3.40E-10,1.01E-06,1.05E-06,2.90E-20,4.42E-20
3,7.5,7.97E-07,37.1010717,1.9813,3.71E-08,7.2608034,6.1009,28.2,1.01E-06,0.0243,91.000003,3.46E-10,1.01E-06,1.05E-06,2.90E-20,4.44E-20
3,8,7.97E-07,37.10107169,1.9813,3.77E-08,7.2608034,6.1009,28.2,1.01E-06,0.0243,91.000003,3.52E-10,1.01E-06,1.05E-06,2.91E-20,4.45E-20
3,8.5,7.97E-07,37.10107169,1.9813,3.84E-08,7.2608034,6.1009,28.2,1.01E-06,0.0243,91.000003,3.58E-10,1.01E-06,1.06E-06,2.91E-20,4.47E-20
3,9,7.98E-07,37.10107169,1.9813,3.90E-08,7.2608034,6.1009,28.2,1.01E-06,0.0243,91.000003,3.63E-10,1.01E-06,1.06E-06,2.91E-20,4.48E-20
3,9.5,7.98E-07,37.10107168,1.9813,3.96E-08,7.2608034,6.1009,28.2,1.01E-06,0.0243,91.000003,3.69E-10,1.01E-06,1.07E-06,2.91E-20,4.50E-20
3,10,7.99E-07,37.10107168,1.9813,4.02E-08,7.2608034,6.1009,28.2,1.01E-06,0.0243,91.000003,3.75E-10,1.01E-06,1.07E-06,2.91E-20,4.51E-20
3,10.5,7.99E-07,37.10107167,1.9813,4.08E-08,7.2608034,6.1009,28.2,1.01E-06,0.0243,91.000003,3.81E-10,1.01E-06,1.07E-06,2.91E-20,4.53E-20
3,11,7.99E-07,37.10107167,1.9813,4.15E-08,7.2608034,6.1009,28.2,1.01E-06,0.0243,91.000003,3.87E-10,1.01E-06,1.08E-06,2.92E-20,4.54E-20
3,11.5,8.00E-07,37.10107167,1.9813,4.21E-08,7.2608034,6.1009,28.2,1.01E-06,0.0243,91.000003,3.93E-10,1.01E-06,1.08E-06,2.92E-20,4.56E-20
3,12,8.00E-07,37.10107166,1.9813,4.27E-08,7.2608034,6.1009,28.2,1.01E-06,0.0243,91.000003,3.99E-10,1.01E-06,1.08E-06,2.92E-20,4.57E-20
3,12.5,8.01E-07,37.10107166,1.9813,4.34E-08,7.2608034,6.1009,28.2,1.01E-06,0.0243,91.000003,4.04E-10,1.01E-06,1.09E-06,2.92E-20,4.59E-20
3,13,8.01E-07,37.10107165,1.9813,4.40E-08,7.2608034,6.1009,28.2,1.01E-06,0.0243,91.000003,4.10E-10,1.01E-06,1.09E-06,2.92E-20,4.60E-20
3,13.5,8.01E-07,37.10107165,1.9813,4.46E-08,7.2608034,6.1009,28.2,1.01E-06,0.0243,91.000003,4.16E-10,1.02E-06,1.09E-06,2.92E-20,4.62E-20
3,14,8.02E-07,37.10107164,1.9813,4.53E-08,7.2608034,6.1009,28.2,1.01E-06,0.0243,91.000003,4.22E-10,1.02E-06,1.10E-06,2.93E-20,4.63E-20
3,14.5,8.02E-07,37.10107164,1.9813,4.59E-08,7.2608034,6.1009,28.2,1.01E-06,0.0243,91.000003,4.28E-10,1.02E-06,1.10E-06,2.93E-20,4.65E-20
3,15,8.03E-07,37.10107164,1.9813,4.66E-08,7.2608034,6.1009,28.2,1.02E-06,0.0243,91.000003,4.34E-10,1.02E-06,1.11E-06,2.93E-20,4.66E-20
3,15.5,8.03E-07,37.10107163,1.9813,4.72E-08,7.2608034,6.1009,28.2,1.02E-06,0.0243,91.000003,4.40E-10,1.02E-06,1.11E-06,2.93E-20,4.68E-20
3,16,8.03E-07,37.10107163,1.9813,4.79E-08,7.2608034,6.1009,28.2,1.02E-06,0.0243,91.000003,4.46E-10,1.02E-06,1.11E-06,2.93E-20,4.69E-20
3,16.5,8.04E-07,37.10107162,1.9813,4.85E-08,7.2608034,6.1009,28.2,1.02E-06,0.0243,91.000003,4.53E-10,1.02E-06,1.12E-06,2.93E-20,4.71E-20
3,17,8.04E-07,37.10107162,1.9813,4.92E-08,7.2608034,6.1009,28.2,1.02E-06,0.0243,91.000003,4.59E-10,1.02E-06,1.12E-06,2.94E-20,4.73E-20
3,17.5,8.05E-07,37.10107162,1.9813,4.98E-08,7.2608034,6.1009,28.2,1.02E-06,0.0243,91.000003,4.65E-10,1.02E-06,1.12E-06,2.94E-20,4.74E-20
3,18,8.05E-07,37.10107161,1.9813,5.05E-08,7.2608034,6.1009,28.2,1.02E-06,0.0243,91.000003,4.71E-10,1.02E-06,1.13E-06,2.94E-20,4.76E-20
3,18.5,8.06E-07,37.10107161,1.9813,5.12E-08,7.2608034,6.1009,28.2,1.02E-06,0.0243,91.000003,4.77E-10,1.02E-06,1.13E-06,2.94E-20,4.77E-20
3,19,8.06E-07,37.1010716,1.9813,5.18E-08,7.2608034,6.1009,28.2,1.02E-06,0.0243,91.000003,4.83E-10,1.02E-06,1.14E-06,2.94E-20,4.79E-20
3,19.5,8.06E-07,37.1010716,1.9813,5.25E-08,7.2608034,6.1009,28.2,1.02E-06,0.0243,91.000003,4.89E-10,1.02E-06,1.14E-06,2.94E-20,4.81E-20
3,20,8.07E-07,37.10107159,1.9813,5.31E-08,7.2608034,6.1009,28.2,1.02E-06,0.0243,91.000003,4.96E-10,1.02E-06,1.14E-06,2.95E-20,4.82E-20
3,20.5,8.07E-07,37.10107159,1.9813,5.38E-08,7.2608034,6.1009,28.2,1.02E-06,0.0243,91.000003,5.02E-10,1.02E-06,1.15E-06,2.95E-20,4.84E-20
3,21,8.08E-07,37.10107159,1.9813,5.45E-08,7.2608034,6.1009,28.2,1.02E-06,0.0243,91.000003,5.08E-10,1.02E-06,1.15E-06,2.95E-20,4.85E-20
3,21.5,8.08E-07,37.10107158,1.9813,5.52E-08,7.2608034,6.1009,28.2,1.02E-06,0.0243,91.000003,5.14E-10,1.02E-06,1.15E-06,2.95E-20,4.87E-20
3,22,8.08E-07,37.10107158,1.9813,5.58E-08,7.2608034,6.1009,28.2,1.02E-06,0.0243,91.000003,5.21E-10,1.03E-06,1.16E-06,2.95E-20,4.89E-20
3,22.5,8.09E-07,37.10107157,1.9813,5.65E-08,7.2608034,6.1009,28.2,1.02E-06,0.0243,91.000003,5.27E-10,1.03E-06,1.16E-06,2.95E-20,4.90E-20
3,23,8.09E-07,37.10107157,1.9813,5.72E-08,7.2608034,6.1009,28.2,1.02E-06,0.0243,91.000003,5.33E-10,1.03E-06,1.17E-06,2.96E-20,4.92E-20
3,23.5,8.10E-07,37.10107156,1.9813,5.79E-08,7.2608034,6.1009,28.2,1.02E-06,0.0243,91.000003,5.40E-10,1.03E-06,1.17E-06,2.96E-20,4.94E-20
3,24,8.10E-07,37.10107156,1.9813,5.86E-08,7.2608034,6.1009,28.2,1.02E-06,0.0243,91.000003,5.46E-10,1.03E-06,1.17E-06,2.96E-20,4.95E-20
3,24.5,8.10E-07,37.10107155,1.9813,5.92E-08,7.2608034,6.1009,28.2,1.03E-06,0.0243,91.000003,5.53E-10,1.03E-06,1.18E-06,2.96E-20,4.97E-20
3,25,8.11E-07,37.10107155,1.9813,5.99E-08,7.2608034,6.1009,28.2,1.03E-06,0.0243,91.000003,5.59E-10,1.03E-06,1.18E-06,2.96E-20,4.98E-20
3,25.5,8.11E-07,37.10107155,1.9813,6.06E-08,7.2608034,6.1009,28.2,1.03E-06,0.0243,91.000003,5.65E-10,1.03E-06,1.19E-06,2.96E-20,5.00E-20
3,26,8.12E-07,37.10107154,1.9813,6.13E-08,7.2608034,6.1009,28.2,1.03E-06,0.0243,91.000003,5.72E-10,1.03E-06,1.19E-06,2.97E-20,5.02E-20
3,26.5,8.12E-07,37.10107154,1.9813,6.20E-08,7.2608034,6.1009,28.2,1.03E-06,0.0243,91.000003,5.78E-10,1.03E-06,1.19E-06,2.97E-20,5.04E-20
3,27,8.12E-07,37.10107153,1.9813,6.27E-08,7.2608034,6.1009,28.2,1.03E-06,0.0243,91.000003,5.85E-10,1.03E-06,1.20E-06,2.97E-20,5.05E-20
3,27.5,8.13E-07,37.10107153,1.9813,6.34E-08,7.2608034,6.1009,28.2,1.03E-06,0.0243,91.000003,5.91E-10,1.03E-06,1.20E-06,2.97E-20,5.07E-20
3,28,8.13E-07,37.10107152,1.9813,6.41E-08,7.2608034,6.1009,28.2,1.03E-06,0.0243,91.000003,5.98E-10,1.03E-06,1.21E-06,2.97E-20,5.09E-20
3,28.5,8.14E-07,37.10107152,1.9813,6.48E-08,7.2608034,6.1009,28.2,1.03E-06,0.0243,91.000003,6.05E-10,1.03E-06,1.21E-06,2.97E-20,5.10E-20
3,29,8.14E-07,37.10107151,1.9813,6.55E-08,7.2608034,6.1009,28.2,1.03E-06,0.0243,91.000003,6.11E-10,1.03E-06,1.21E-06,2.98E-20,5.12E-20
3,29.5,8.15E-07,37.10107151,1.9813,6.63E-08,7.2608034,6.1009,28.2,1.03E-06,0.0243,91.000003,6.18E-10,1.03E-06,1.22E-06,2.98E-20,5.14E-20
3,30,8.15E-07,37.10107151,1.9813,6.70E-08,7.2608034,6.1009,28.2,1.03E-06,0.0243,91.000003,6.25E-10,1.03E-06,1.22E-06,2.98E-20,5.15E-20
3,30.5,8.15E-07,37.1010715,1.9813,6.77E-08,7.2608034,6.1009,28.2,1.03E-06,0.0243,91.000003,6.31E-10,1.04E-06,1.23E-06,2.98E-20,5.17E-20
3,31,8.16E-07,37.1010715,1.9813,6.84E-08,7.2608034,6.1009,28.2,1.03E-06,0.0243,91.000003,6.38E-10,1.04E-06,1.23E-06,2.98E-20,5.19E-20
3,31.5,8.16E-07,37.10107149,1.9813,6.91E-08,7.2608034,6.1009,28.2,1.03E-06,0.0243,91.000003,6.45E-10,1.04E-06,1.23E-06,2.98E-20,5.21E-20
3,32,8.17E-07,37.10107149,1.9813,6.98E-08,7.2608034,6.1009,28.2,1.03E-06,0.0243,91.000003,6.51E-10,1.04E-06,1.24E-06,2.99E-20,5.22E-20
3,32.5,8.17E-07,37.10107148,1.9813,7.06E-08,7.2608034,6.1009,28.2,1.03E-06,0.0243,91.000003,6.58E-10,1.04E-06,1.24E-06,2.99E-20,5.24E-20
3,33,8.17E-07,37.10107148,1.9813,7.13E-08,7.2608034,6.1009,28.2,1.03E-06,0.0243,91.000003,6.65E-10,1.04E-06,1.25E-06,2.99E-20,5.26E-20
3,33.5,8.18E-07,37.10107147,1.9813,7.20E-08,7.2608034,6.1009,28.2,1.03E-06,0.0243,91.000003,6.72E-10,1.04E-06,1.25E-06,2.99E-20,5.28E-20
3,34,8.18E-07,37.10107147,1.9813,7.28E-08,7.2608034,6.1009,28.2,1.03E-06,0.0243,91.000003,6.79E-10,1.04E-06,1.25E-06,2.99E-20,5.29E-20
3,34.5,8.19E-07,37.10107146,1.9813,7.35E-08,7.2608034,6.1009,28.2,1.04E-06,0.0243,91.000003,6.85E-10,1.04E-06,1.26E-06,2.99E-20,5.31E-20
3,35,8.19E-07,37.10107146,1.9813,7.42E-08,7.2608034,6.1009,28.2,1.04E-06,0.0243,91.000003,6.92E-10,1.04E-06,1.26E-06,3.00E-20,5.33E-20
3,35.5,8.20E-07,37.10107146,1.9813,7.50E-08,7.2608034,6.1009,28.2,1.04E-06,0.0243,91.000003,6.99E-10,1.04E-06,1.27E-06,3.00E-20,5.35E-20
3,36,8.20E-07,37.10107145,1.9813,7.57E-08,7.2608034,6.1009,28.2,1.04E-06,0.0243,91.000003,7.06E-10,1.04E-06,1.27E-06,3.00E-20,5.36E-20
3,36.5,8.20E-07,37.10107145,1.9813,7.65E-08,7.2608034,6.1009,28.2,1.04E-06,0.0243,91.000003,7.13E-10,1.04E-06,1.28E-06,3.00E-20,5.38E-20
3,37,8.21E-07,37.10107144,1.9813,7.72E-08,7.2608034,6.1009,28.2,1.04E-06,0.0243,91.000003,7.20E-10,1.04E-06,1.28E-06,3.00E-20,5.40E-20
3,37.5,8.21E-07,37.10107144,1.9813,7.80E-08,7.2608034,6.1009,28.2,1.04E-06,0.0243,91.000003,7.27E-10,1.04E-06,1.28E-06,3.01E-20,5.42E-20
3,38,8.22E-07,37.10107143,1.9813,7.87E-08,7.2608034,6.1009,28.2,1.04E-06,0.0243,91.000003,7.34E-10,1.04E-06,1.29E-06,3.01E-20,5.44E-20
3,38.5,8.22E-07,37.10107143,1.9813,7.95E-08,7.2608034,6.1009,28.2,1.04E-06,0.0243,91.000003,7.41E-10,1.04E-06,1.29E-06,3.01E-20,5.45E-20
3,39,8.22E-07,37.10107142,1.9813,8.02E-08,7.2608034,6.1009,28.2,1.04E-06,0.0243,91.000003,7.48E-10,1.05E-06,1.30E-06,3.01E-20,5.47E-20
3,39.5,8.23E-07,37.10107142,1.9813,8.10E-08,7.2608034,6.1009,28.2,1.04E-06,0.0243,91.000003,7.55E-10,1.05E-06,1.30E-06,3.01E-20,5.49E-20
3,40,8.23E-07,37.10107141,1.9813,8.17E-08,7.2608034,6.1009,28.2,1.04E-06,0.0243,91.000003,7.62E-10,1.05E-06,1.31E-06,3.01E-20,5.51E-20
3,40.5,8.24E-07,37.10107141,1.9813,8.25E-08,7.2608034,6.1009,28.2,1.04E-06,0.0243,91.000003,7.69E-10,1.05E-06,1.31E-06,3.02E-20,5.53E-20
3,41,8.24E-07,37.1010714,1.9813,8.33E-08,7.2608034,6.1009,28.2,1.04E-06,0.0243,91.000003,7.77E-10,1.05E-06,1.31E-06,3.02E-20,5.55E-20
3,41.5,8.25E-07,37.1010714,1.9813,8.40E-08,7.2608034,6.1009,28.2,1.04E-06,0.0243,91.000003,7.84E-10,1.05E-06,1.32E-06,3.02E-20,5.56E-20
3,42,8.25E-07,37.10107139,1.9813,8.48E-08,7.2608034,6.1009,28.2,1.04E-06,0.0243,91.000003,7.91E-10,1.05E-06,1.32E-06,3.02E-20,5.58E-20
3,42.5,8.25E-07,37.10107139,1.9813,8.56E-08,7.2608034,6.1009,28.2,1.04E-06,0.0243,91.000003,7.98E-10,1.05E-06,1.33E-06,3.02E-20,5.60E-20
3,43,8.26E-07,37.10107139,1.9813,8.64E-08,7.2608033,6.1009,28.2,1.04E-06,0.0243,91.000003,8.05E-10,1.05E-06,1.33E-06,3.02E-20,5.62E-20
3,43.5,8.26E-07,37.10107138,1.9813,8.71E-08,7.2608033,6.1009,28.2,1.05E-06,0.0243,91.000003,8.13E-10,1.05E-06,1.34E-06,3.03E-20,5.64E-20
3,44,8.27E-07,37.10107138,1.9813,8.79E-08,7.2608033,6.1009,28.2,1.05E-06,0.0243,91.000003,8.20E-10,1.05E-06,1.34E-06,3.03E-20,5.66E-20
3,44.5,8.27E-07,37.10107137,1.9813,8.87E-08,7.2608033,6.1009,28.2,1.05E-06,0.0243,91.000003,8.27E-10,1.05E-06,1.35E-06,3.03E-20,5.68E-20
3,45,8.27E-07,37.10107137,1.9813,8.95E-08,7.2608033,6.1009,28.2,1.05E-06,0.0243,91.000003,8.35E-10,1.05E-06,1.35E-06,3.03E-20,5.70E-20
3,45.5,8.28E-07,37.10107136,1.9813,9.03E-08,7.2608033,6.1009,28.2,1.05E-06,0.0243,91.000003,8.42E-10,1.05E-06,1.35E-06,3.03E-20,5.72E-20
3,46,8.28E-07,37.10107136,1.9813,9.11E-08,7.2608033,6.1009,28.2,1.05E-06,0.0243,91.000003,8.49E-10,1.05E-06,1.36E-06,3.03E-20,5.73E-20
3,46.5,8.29E-07,37.10107135,1.9813,9.19E-08,7.2608033,6.1009,28.2,1.05E-06,0.0243,91.000003,8.57E-10,1.05E-06,1.36E-06,3.04E-20,5.75E-20
3,47,8.29E-07,37.10107135,1.9813,9.27E-08,7.2608033,6.1009,28.2,1.05E-06,0.0243,91.000003,8.64E-10,1.05E-06,1.37E-06,3.04E-20,5.77E-20
3,47.5,8.30E-07,37.10107134,1.9813,9.35E-08,7.2608033,6.1009,28.2,1.05E-06,0.0243,91.000003,8.72E-10,1.06E-06,1.37E-06,3.04E-20,5.79E-20
3,48,8.30E-07,37.10107134,1.9813,9.43E-08,7.2608033,6.1009,28.2,1.05E-06,0.0243,91.000003,8.79E-10,1.06E-06,1.38E-06,3.04E-20,5.81E-20
3,48.5,8.30E-07,37.10107133,1.9813,9.51E-08,7.2608033,6.1009,28.2,1.05E-06,0.0243,91.000003,8.87E-10,1.06E-06,1.38E-06,3.04E-20,5.83E-20
3,49,8.31E-07,37.10107133,1.9813,9.59E-08,7.2608033,6.1009,28.2,1.05E-06,0.0243,91.000003,8.94E-10,1.06E-06,1.39E-06,3.04E-20,5.85E-20
3,49.5,8.31E-07,37.10107132,1.9813,9.67E-08,7.2608033,6.1009,28.2,1.05E-06,0.0243,91.000003,9.02E-10,1.06E-06,1.39E-06,3.05E-20,5.87E-20
3,50,8.32E-07,37.10107132,1.9813,9.75E-08,7.2608033,6.1009,28.2,1.05E-06,0.0243,91.000003,9.10E-10,1.06E-06,1.40E-06,3.05E-20,5.89E-20
4,0,7.91E-07,37.10107176,1.9813,2.81E-08,7.2608034,6.1009,28.2,1.00E-06,0.0243,91.000004,2.62E-10,1.00E-05,1.00E-05,2.88E-19,4.22E-19
4,0.5,7.95E-07,37.10107172,1.9813,3.40E-08,7.2608034,6.1009,28.2,1.01E-06,0.0243,91.000004,3.17E-10,1.00E-05,1.00E-05,2.88E-19,4.23E-19
4,0.8,7.97E-07,37.1010717,1.9813,3.74E-08,7.2608034,6.1009,28.2,1.01E-06,0.0243,91.000003,3.49E-10,1.00E-05,1.01E-05,2.88E-19,4.24E-19
4,1.1,7.99E-07,37.10107167,1.9813,4.12E-08,7.2608034,6.1009,28.2,1.01E-06,0.0243,91.000003,3.84E-10,1.00E-05,1.01E-05,2.88E-19,4.25E-19
4,1.5,8.02E-07,37.10107164,1.9813,4.53E-08,7.2608034,6.1009,28.2,1.01E-06,0.0243,91.000003,4.23E-10,1.00E-05,1.01E-05,2.88E-19,4.26E-19
4,1.8,8.05E-07,37.10107161,1.9813,4.99E-08,7.2608034,6.1009,28.2,1.02E-06,0.0243,91.000003,4.65E-10,1.00E-05,1.01E-05,2.89E-19,4.27E-19
4,2.3,8.09E-07,37.10107158,1.9813,5.48E-08,7.2608034,6.1009,28.2,1.02E-06,0.0243,91.000003,5.12E-10,1.00E-05,1.02E-05,2.89E-19,4.28E-19
4,2.7,8.12E-07,37.10107154,1.9813,6.03E-08,7.2608034,6.1009,28.2,1.03E-06,0.0243,91.000003,5.63E-10,1.00E-05,1.02E-05,2.89E-19,4.30E-19
4,3.2,8.16E-07,37.1010715,1.9813,6.63E-08,7.2608034,6.1009,28.2,1.03E-06,0.0243,91.000003,6.18E-10,1.00E-05,1.02E-05,2.89E-19,4.31E-19
4,3.7,8.20E-07,37.10107146,1.9813,7.23E-08,7.2608034,6.1009,28.2,1.04E-06,0.0243,91.000003,6.74E-10,1.00E-05,1.03E-05,2.89E-19,4.33E-19
4,4.2,8.24E-07,37.10107142,1.9813,7.83E-08,7.2608034,6.1009,28.2,1.04E-06,0.0243,91.000003,7.30E-10,1.00E-05,1.03E-05,2.89E-19,4.34E-19
4,4.7,8.28E-07,37.10107138,1.9813,8.43E-08,7.2608034,6.1009,28.2,1.05E-06,0.0243,91.000003,7.86E-10,1.01E-05,1.03E-05,2.90E-19,4.35E-19
4,5,8.31E-07,37.10107136,1.9813,8.76E-08,7.2608033,6.1009,28.2,1.05E-06,0.0243,91.000003,8.17E-10,1.01E-05,1.03E-05,2.90E-19,4.36E-19
4,5.5,8.35E-07,37.10107132,1.9813,9.36E-08,7.2608033,6.1009,28.2,1.06E-06,0.0243,91.000003,8.73E-10,1.01E-05,1.04E-05,2.90E-19,4.38E-19
4,6,8.39E-07,37.10107128,1.9813,9.97E-08,7.2608033,6.1009,28.2,1.06E-06,0.0243,91.000002,9.30E-10,1.01E-05,1.04E-05,2.90E-19,4.39E-19
4,6.5,8.43E-07,37.10107124,1.9813,1.06E-07,7.2608033,6.1009,28.2,1.07E-06,0.0243,91.000002,9.87E-10,1.01E-05,1.04E-05,2.90E-19,4.41E-19
4,7,8.47E-07,37.1010712,1.9813,1.12E-07,7.2608033,6.1009,28.2,1.07E-06,0.0243,91.000002,1.04E-09,1.01E-05,1.05E-05,2.90E-19,4.42E-19
4,7.5,8.51E-07,37.10107116,1.9813,1.18E-07,7.2608033,6.1009,28.2,1.08E-06,0.0243,91.000002,1.10E-09,1.01E-05,1.05E-05,2.90E-19,4.44E-19
4,8,8.55E-07,37.10107112,1.9813,1.24E-07,7.2608033,6.1009,28.2,1.08E-06,0.0243,91.000002,1.16E-09,1.01E-05,1.05E-05,2.91E-19,4.45E-19
4,8.5,8.59E-07,37.10107108,1.9813,1.30E-07,7.2608033,6.1009,28.2,1.09E-06,0.0243,91.000002,1.22E-09,1.01E-05,1.06E-05,2.91E-19,4.47E-19
4,9,8.63E-07,37.10107104,1.9813,1.37E-07,7.2608033,6.1009,28.2,1.09E-06,0.0243,91.000002,1.27E-09,1.01E-05,1.06E-05,2.91E-19,4.48E-19
4,9.5,8.67E-07,37.101071,1.9813,1.43E-07,7.2608033,6.1009,28.2,1.10E-06,0.0243,91.000002,1.33E-09,1.01E-05,1.07E-05,2.91E-19,4.50E-19
4,10,8.71E-07,37.10107095,1.9813,1.49E-07,7.2608033,6.1009,28.2,1.10E-06,0.0243,91.000002,1.39E-09,1.01E-05,1.07E-05,2.91E-19,4.51E-19
4,10.5,8.75E-07,37.10107091,1.9813,1.55E-07,7.2608033,6.1009,28.2,1.11E-06,0.0243,91.000002,1.45E-09,1.01E-05,1.07E-05,2.91E-19,4.53E-19
4,11,8.79E-07,37.10107087,1.9813,1.62E-07,7.2608033,6.1009,28.2,1.11E-06,0.0243,91.000001,1.51E-09,1.01E-05,1.08E-05,2.92E-19,4.54E-19
4,11.5,8.83E-07,37.10107083,1.9813,1.68E-07,7.2608033,6.1009,28.2,1.12E-06,0.0243,91.000001,1.57E-09,1.01E-05,1.08E-05,2.92E-19,4.56E-19
4,12,8.87E-07,37.10107079,1.9813,1.74E-07,7.2608033,6.1009,28.2,1.12E-06,0.0243,91.000001,1.62E-09,1.01E-05,1.08E-05,2.92E-19,4.57E-19
4,12.5,8.91E-07,37.10107075,1.9813,1.81E-07,7.2608033,6.1009,28.2,1.13E-06,0.0243,91.000001,1.68E-09,1.01E-05,1.09E-05,2.92E-19,4.59E-19
4,13,8.95E-07,37.10107071,1.9813,1.87E-07,7.2608032,6.1009,28.2,1.13E-06,0.0243,91.000001,1.74E-09,1.01E-05,1.09E-05,2.92E-19,4.60E-19
4,13.5,8.99E-07,37.10107066,1.9813,1.93E-07,7.2608032,6.1009,28.2,1.14E-06,0.0243,91.000001,1.80E-09,1.02E-05,1.09E-05,2.92E-19,4.62E-19
4,14,9.03E-07,37.10107062,1.9813,2.00E-07,7.2608032,6.1009,28.2,1.14E-06,0.0243,91.000001,1.86E-09,1.02E-05,1.10E-05,2.93E-19,4.63E-19
4,14.5,9.07E-07,37.10107058,1.9813,2.06E-07,7.2608032,6.1009,28.2,1.15E-06,0.0243,91.000001,1.92E-09,1.02E-05,1.10E-05,2.93E-19,4.65E-19
4,15,9.11E-07,37.10107054,1.9813,2.13E-07,7.2608032,6.1009,28.2,1.15E-06,0.0243,91.000001,1.98E-09,1.02E-05,1.11E-05,2.93E-19,4.66E-19
4,15.5,9.15E-07,37.1010705,1.9813,2.19E-07,7.2608032,6.1009,28.2,1.16E-06,0.0243,91.000001,2.04E-09,1.02E-05,1.11E-05,2.93E-19,4.68E-19
4,16,9.19E-07,37.10107045,1.9813,2.26E-07,7.2608032,6.1009,28.2,1.16E-06,0.0243,91,2.10E-09,1.02E-05,1.11E-05,2.93E-19,4.69E-19
4,16.5,9.24E-07,37.10107041,1.9813,2.32E-07,7.2608032,6.1009,28.2,1.17E-06,0.0243,91,2.16E-09,1.02E-05,1.12E-05,2.93E-19,4.71E-19
4,17,9.28E-07,37.10107037,1.9813,2.39E-07,7.2608032,6.1009,28.2,1.17E-06,0.0243,91,2.23E-09,1.02E-05,1.12E-05,2.94E-19,4.73E-19
4,17.5,9.32E-07,37.10107033,1.9813,2.45E-07,7.2608032,6.1009,28.2,1.18E-06,0.0243,91,2.29E-09,1.02E-05,1.12E-05,2.94E-19,4.74E-19
4,18,9.36E-07,37.10107028,1.9813,2.52E-07,7.2608032,6.1009,28.2,1.18E-06,0.0243,91,2.35E-09,1.02E-05,1.13E-05,2.94E-19,4.76E-19
4,18.5,9.40E-07,37.10107024,1.9813,2.58E-07,7.2608032,6.1009,28.2,1.19E-06,0.0243,91,2.41E-09,1.02E-05,1.13E-05,2.94E-19,4.77E-19
4,19,9.44E-07,37.1010702,1.9813,2.65E-07,7.2608032,6.1009,28.2,1.19E-06,0.0243,91,2.47E-09,1.02E-05,1.14E-05,2.94E-19,4.79E-19
4,19.5,9.48E-07,37.10107016,1.9813,2.72E-07,7.2608032,6.1009,28.2,1.20E-06,0.0243,91,2.53E-09,1.02E-05,1.14E-05,2.94E-19,4.81E-19
4,20,9.52E-07,37.10107011,1.9813,2.78E-07,7.2608032,6.1009,28.2,1.20E-06,0.0243,91,2.60E-09,1.02E-05,1.14E-05,2.95E-19,4.82E-19
4,20.5,9.56E-07,37.10107007,1.9813,2.85E-07,7.2608032,6.1009,28.2,1.21E-06,0.0243,90.999999,2.66E-09,1.02E-05,1.15E-05,2.95E-19,4.84E-19
4,21,9.60E-07,37.10107003,1.9813,2.92E-07,7.2608031,6.1009,28.2,1.21E-06,0.0243,90.999999,2.72E-09,1.02E-05,1.15E-05,2.95E-19,4.85E-19
4,21.5,9.64E-07,37.10106998,1.9813,2.98E-07,7.2608031,6.1009,28.2,1.22E-06,0.0243,90.999999,2.78E-09,1.02E-05,1.15E-05,2.95E-19,4.87E-19
4,22,9.68E-07,37.10106994,1.9813,3.05E-07,7.2608031,6.1009,28.2,1.22E-06,0.0243,90.999999,2.85E-09,1.03E-05,1.16E-05,2.95E-19,4.89E-19
4,22.5,9.72E-07,37.1010699,1.9813,3.12E-07,7.2608031,6.1009,28.2,1.23E-06,0.0243,90.999999,2.91E-09,1.03E-05,1.16E-05,2.95E-19,4.90E-19
4,23,9.77E-07,37.10106985,1.9813,3.19E-07,7.2608031,6.1009,28.2,1.24E-06,0.0243,90.999999,2.97E-09,1.03E-05,1.17E-05,2.96E-19,4.92E-19
4,23.5,9.81E-07,37.10106981,1.9813,3.26E-07,7.2608031,6.1009,28.2,1.24E-06,0.0243,90.999999,3.04E-09,1.03E-05,1.17E-05,2.96E-19,4.94E-19
4,24,9.85E-07,37.10106976,1.9813,3.33E-07,7.2608031,6.1009,28.2,1.25E-06,0.0243,90.999999,3.10E-09,1.03E-05,1.17E-05,2.96E-19,4.95E-19
4,24.5,9.89E-07,37.10106972,1.9813,3.39E-07,7.2608031,6.1009,28.2,1.25E-06,0.0243,90.999999,3.17E-09,1.03E-05,1.18E-05,2.96E-19,4.97E-19
4,25,9.93E-07,37.10106968,1.9813,3.46E-07,7.2608031,6.1009,28.2,1.26E-06,0.0243,90.999998,3.23E-09,1.03E-05,1.18E-05,2.96E-19,4.98E-19
4,25.5,9.97E-07,37.10106963,1.9813,3.53E-07,7.2608031,6.1009,28.2,1.26E-06,0.0243,90.999998,3.29E-09,1.03E-05,1.19E-05,2.96E-19,5.00E-19
4,26,1.00E-06,37.10106959,1.9813,3.60E-07,7.2608031,6.1009,28.2,1.27E-06,0.0243,90.999998,3.36E-09,1.03E-05,1.19E-05,2.97E-19,5.02E-19
4,26.5,1.01E-06,37.10106954,1.9813,3.67E-07,7.2608031,6.1009,28.2,1.27E-06,0.0243,90.999998,3.42E-09,1.03E-05,1.19E-05,2.97E-19,5.04E-19
4,27,1.01E-06,37.1010695,1.9813,3.74E-07,7.2608031,6.1009,28.2,1.28E-06,0.0243,90.999998,3.49E-09,1.03E-05,1.20E-05,2.97E-19,5.05E-19
4,27.5,1.01E-06,37.10106946,1.9813,3.81E-07,7.2608031,6.1009,28.2,1.28E-06,0.0243,90.999998,3.55E-09,1.03E-05,1.20E-05,2.97E-19,5.07E-19
4,28,1.02E-06,37.10106941,1.9813,3.88E-07,7.260803,6.1009,28.2,1.29E-06,0.0243,90.999998,3.62E-09,1.03E-05,1.21E-05,2.97E-19,5.09E-19
4,28.5,1.02E-06,37.10106937,1.9813,3.95E-07,7.260803,6.1009,28.2,1.29E-06,0.0243,90.999998,3.69E-09,1.03E-05,1.21E-05,2.97E-19,5.10E-19
4,29,1.03E-06,37.10106932,1.9813,4.02E-07,7.260803,6.1009,28.2,1.30E-06,0.0243,90.999998,3.75E-09,1.03E-05,1.21E-05,2.98E-19,5.12E-19
4,29.5,1.03E-06,37.10106928,1.9813,4.09E-07,7.260803,6.1009,28.2,1.30E-06,0.0243,90.999998,3.82E-09,1.03E-05,1.22E-05,2.98E-19,5.14E-19
4,30,1.03E-06,37.10106923,1.9813,4.17E-07,7.260803,6.1009,28.2,1.31E-06,0.0243,90.999997,3.88E-09,1.03E-05,1.22E-05,2.98E-19,5.15E-19
4,30.5,1.04E-06,37.10106919,1.9813,4.24E-07,7.260803,6.1009,28.2,1.31E-06,0.0243,90.999997,3.95E-09,1.04E-05,1.23E-05,2.98E-19,5.17E-19
4,31,1.04E-06,37.10106914,1.9813,4.31E-07,7.260803,6.1009,28.2,1.32E-06,0.0243,90.999997,4.02E-09,1.04E-05,1.23E-05,2.98E-19,5.19E-19
4,31.5,1.05E-06,37.1010691,1.9813,4.38E-07,7.260803,6.1009,28.2,1.32E-06,0.0243,90.999997,4.09E-09,1.04E-05,1.23E-05,2.98E-19,5.21E-19
4,32,1.05E-06,37.10106905,1.9813,4.45E-07,7.260803,6.1009,28.2,1.33E-06,0.0243,90.999997,4.15E-09,1.04E-05,1.24E-05,2.99E-19,5.22E-19
4,32.5,1.05E-06,37.101069,1.9813,4.53E-07,7.260803,6.1009,28.2,1.33E-06,0.0243,90.999997,4.22E-09,1.04E-05,1.24E-05,2.99E-19,5.24E-19
4,33,1.06E-06,37.10106896,1.9813,4.60E-07,7.260803,6.1009,28.2,1.34E-06,0.0243,90.999997,4.29E-09,1.04E-05,1.25E-05,2.99E-19,5.26E-19
4,33.5,1.06E-06,37.10106891,1.9813,4.67E-07,7.260803,6.1009,28.2,1.34E-06,0.0243,90.999997,4.36E-09,1.04E-05,1.25E-05,2.99E-19,5.28E-19
4,34,1.07E-06,37.10106887,1.9813,4.74E-07,7.260803,6.1009,28.2,1.35E-06,0.0243,90.999997,4.42E-09,1.04E-05,1.25E-05,2.99E-19,5.29E-19
4,34.5,1.07E-06,37.10106882,1.9813,4.82E-07,7.260803,6.1009,28.2,1.36E-06,0.0243,90.999996,4.49E-09,1.04E-05,1.26E-05,2.99E-19,5.31E-19
4,35,1.08E-06,37.10106877,1.9813,4.89E-07,7.2608029,6.1009,28.2,1.36E-06,0.0243,90.999996,4.56E-09,1.04E-05,1.26E-05,3.00E-19,5.33E-19
4,35.5,1.08E-06,37.10106873,1.9813,4.97E-07,7.2608029,6.1009,28.2,1.37E-06,0.0243,90.999996,4.63E-09,1.04E-05,1.27E-05,3.00E-19,5.35E-19
4,36,1.08E-06,37.10106868,1.9813,5.04E-07,7.2608029,6.1009,28.2,1.37E-06,0.0243,90.999996,4.70E-09,1.04E-05,1.27E-05,3.00E-19,5.36E-19
4,36.5,1.09E-06,37.10106864,1.9813,5.11E-07,7.2608029,6.1009,28.2,1.38E-06,0.0243,90.999996,4.77E-09,1.04E-05,1.28E-05,3.00E-19,5.38E-19
4,37,1.09E-06,37.10106859,1.9813,5.19E-07,7.2608029,6.1009,28.2,1.38E-06,0.0243,90.999996,4.84E-09,1.04E-05,1.28E-05,3.00E-19,5.40E-19
4,37.5,1.10E-06,37.10106854,1.9813,5.26E-07,7.2608029,6.1009,28.2,1.39E-06,0.0243,90.999996,4.91E-09,1.04E-05,1.28E-05,3.01E-19,5.42E-19
4,38,1.10E-06,37.1010685,1.9813,5.34E-07,7.2608029,6.1009,28.2,1.39E-06,0.0243,90.999996,4.98E-09,1.04E-05,1.29E-05,3.01E-19,5.44E-19
4,38.5,1.10E-06,37.10106845,1.9813,5.41E-07,7.2608029,6.1009,28.2,1.40E-06,0.0243,90.999995,5.05E-09,1.04E-05,1.29E-05,3.01E-19,5.45E-19
4,39,1.11E-06,37.1010684,1.9813,5.49E-07,7.2608029,6.1009,28.2,1.40E-06,0.0243,90.999995,5.12E-09,1.05E-05,1.30E-05,3.01E-19,5.47E-19
4,39.5,1.11E-06,37.10106836,1.9813,5.57E-07,7.2608029,6.1009,28.2,1.41E-06,0.0243,90.999995,5.19E-09,1.05E-05,1.30E-05,3.01E-19,5.49E-19
4,40,1.12E-06,37.10106831,1.9813,5.64E-07,7.2608029,6.1009,28.2,1.41E-06,0.0243,90.999995,5.26E-09,1.05E-05,1.31E-05,3.01E-19,5.51E-19
4,40.5,1.12E-06,37.10106826,1.9813,5.72E-07,7.2608029,6.1009,28.2,1.42E-06,0.0243,90.999995,5.33E-09,1.05E-05,1.31E-05,3.02E-19,5.53E-19
4,41,1.13E-06,37.10106821,1.9813,5.80E-07,7.2608029,6.1009,28.2,1.42E-06,0.0243,90.999995,5.41E-09,1.05E-05,1.31E-05,3.02E-19,5.55E-19
4,41.5,1.13E-06,37.10106817,1.9813,5.87E-07,7.2608028,6.1009,28.2,1.43E-06,0.0243,90.999995,5.48E-09,1.05E-05,1.32E-05,3.02E-19,5.56E-19
4,42,1.13E-06,37.10106812,1.9813,5.95E-07,7.2608028,6.1009,28.2,1.43E-06,0.0243,90.999995,5.55E-09,1.05E-05,1.32E-05,3.02E-19,5.58E-19
4,42.5,1.14E-06,37.10106807,1.9813,6.03E-07,7.2608028,6.1009,28.2,1.44E-06,0.0243,90.999995,5.62E-09,1.05E-05,1.33E-05,3.02E-19,5.60E-19
4,43,1.14E-06,37.10106802,1.9813,6.11E-07,7.2608028,6.1009,28.2,1.44E-06,0.0243,90.999994,5.69E-09,1.05E-05,1.33E-05,3.02E-19,5.62E-19
4,43.5,1.15E-06,37.10106797,1.9813,6.18E-07,7.2608028,6.1009,28.2,1.45E-06,0.0243,90.999994,5.77E-09,1.05E-05,1.34E-05,3.03E-19,5.64E-19
4,44,1.15E-06,37.10106793,1.9813,6.26E-07,7.2608028,6.1009,28.2,1.46E-06,0.0243,90.999994,5.84E-09,1.05E-05,1.34E-05,3.03E-19,5.66E-19
4,44.5,1.15E-06,37.10106788,1.9813,6.34E-07,7.2608028,6.1009,28.2,1.46E-06,0.0243,90.999994,5.91E-09,1.05E-05,1.35E-05,3.03E-19,5.68E-19
4,45,1.16E-06,37.10106783,1.9813,6.42E-07,7.2608028,6.1009,28.2,1.47E-06,0.0243,90.999994,5.99E-09,1.05E-05,1.35E-05,3.03E-19,5.70E-19
4,45.5,1.16E-06,37.10106778,1.9813,6.50E-07,7.2608028,6.1009,28.2,1.47E-06,0.0243,90.999994,6.06E-09,1.05E-05,1.35E-05,3.03E-19,5.72E-19
4,46,1.17E-06,37.10106773,1.9813,6.58E-07,7.2608028,6.1009,28.2,1.48E-06,0.0243,90.999994,6.13E-09,1.05E-05,1.36E-05,3.03E-19,5.73E-19
4,46.5,1.17E-06,37.10106768,1.9813,6.66E-07,7.2608028,6.1009,28.2,1.48E-06,0.0243,90.999994,6.21E-09,1.05E-05,1.36E-05,3.04E-19,5.75E-19
4,47,1.18E-06,37.10106764,1.9813,6.74E-07,7.2608028,6.1009,28.2,1.49E-06,0.0243,90.999993,6.28E-09,1.05E-05,1.37E-05,3.04E-19,5.77E-19
4,47.5,1.18E-06,37.10106759,1.9813,6.82E-07,7.2608028,6.1009,28.2,1.49E-06,0.0243,90.999993,6.36E-09,1.06E-05,1.37E-05,3.04E-19,5.79E-19
4,48,1.18E-06,37.10106754,1.9813,6.90E-07,7.2608027,6.1009,28.2,1.50E-06,0.0243,90.999993,6.43E-09,1.06E-05,1.38E-05,3.04E-19,5.81E-19
4,48.5,1.19E-06,37.10106749,1.9813,6.98E-07,7.2608027,6.1009,28.2,1.50E-06,0.0243,90.999993,6.51E-09,1.06E-05,1.38E-05,3.04E-19,5.83E-19
4,49,1.19E-06,37.10106744,1.9813,7.06E-07,7.2608027,6.1009,28.2,1.51E-06,0.0243,90.999993,6.58E-09,1.06E-05,1.39E-05,3.04E-19,5.85E-19
4,49.5,1.20E-06,37.10106739,1.9813,7.14E-07,7.2608027,6.1009,28.2,1.51E-06,0.0243,90.999993,6.66E-09,1.06E-05,1.39E-05,3.05E-19,5.87E-19
4,50,1.20E-06,37.10106734,1.9813,7.22E-07,7.2608027,6.1009,28.2,1.52E-06,0.0243,90.999993,6.74E-09,1.06E-05,1.40E-05,3.05E-19,5.89E-19
5,0,7.91E-07,37.10107176,1.9813,2.81E-08,7.2608034,6.1009,28.2,1.00E-06,0.0243,91.000004,2.62E-10,1.00E-04,1.00E-04,2.88E-18,4.22E-18
5,0.3,8.13E-07,37.10107154,1.9813,6.03E-08,7.2608034,6.1009,28.2,1.03E-06,0.0243,91.000003,5.62E-10,1.00E-04,1.00E-04,2.88E-18,4.23E-18
5,0.6,8.38E-07,37.10107129,1.9813,9.71E-08,7.2608033,6.1009,28.2,1.06E-06,0.0243,91.000002,9.06E-10,1.00E-04,1.00E-04,2.88E-18,4.24E-18
5,0.9,8.59E-07,37.10107108,1.9813,1.29E-07,7.2608033,6.1009,28.2,1.09E-06,0.0243,91.000002,1.21E-09,1.00E-04,1.01E-04,2.88E-18,4.24E-18
5,1.2,8.89E-07,37.10107079,1.9813,1.72E-07,7.2608033,6.1009,28.2,1.12E-06,0.0243,91.000001,1.60E-09,1.00E-04,1.01E-04,2.88E-18,4.25E-18
5,1.5,9.13E-07,37.10107055,1.9813,2.08E-07,7.2608032,6.1009,28.2,1.15E-06,0.0243,91.000001,1.94E-09,1.00E-04,1.01E-04,2.88E-18,4.26E-18
5,1.9,9.43E-07,37.10107026,1.9813,2.52E-07,7.2608032,6.1009,28.2,1.19E-06,0.0243,91,2.35E-09,1.00E-04,1.01E-04,2.89E-18,4.27E-18
5,2.3,9.78E-07,37.1010699,1.9813,3.05E-07,7.2608031,6.1009,28.2,1.24E-06,0.0243,90.999999,2.84E-09,1.00E-04,1.02E-04,2.89E-18,4.29E-18
5,2.6,9.99E-07,37.1010697,1.9813,3.35E-07,7.2608031,6.1009,28.2,1.26E-06,0.0243,90.999999,3.13E-09,1.00E-04,1.02E-04,2.89E-18,4.29E-18
5,2.9,1.02E-06,37.10106947,1.9813,3.69E-07,7.2608031,6.1009,28.2,1.29E-06,0.0243,90.999998,3.44E-09,1.00E-04,1.02E-04,2.89E-18,4.30E-18
5,3.2,1.05E-06,37.10106922,1.9813,4.06E-07,7.260803,6.1009,28.2,1.32E-06,0.0243,90.999997,3.79E-09,1.00E-04,1.02E-04,2.89E-18,4.31E-18
5,3.5,1.07E-06,37.10106895,1.9813,4.47E-07,7.260803,6.1009,28.2,1.36E-06,0.0243,90.999997,4.17E-09,1.00E-04,1.02E-04,2.89E-18,4.32E-18
5,3.9,1.10E-06,37.10106865,1.9813,4.91E-07,7.2608029,6.1009,28.2,1.40E-06,0.0243,90.999996,4.58E-09,1.00E-04,1.03E-04,2.89E-18,4.33E-18
5,4.3,1.14E-06,37.10106833,1.9813,5.41E-07,7.2608029,6.1009,28.2,1.44E-06,0.0243,90.999995,5.04E-09,1.00E-04,1.03E-04,2.89E-18,4.34E-18
5,4.8,1.17E-06,37.10106797,1.9813,5.95E-07,7.2608028,6.1009,28.2,1.48E-06,0.0243,90.999994,5.55E-09,1.01E-04,1.03E-04,2.90E-18,4.36E-18
5,5.5,1.23E-06,37.10106738,1.9813,6.83E-07,7.2608028,6.1009,28.2,1.56E-06,0.0243,90.999993,6.37E-09,1.01E-04,1.04E-04,2.90E-18,4.38E-18
5,6,1.27E-06,37.10106697,1.9813,7.44E-07,7.2608027,6.1009,28.2,1.61E-06,0.0243,90.999992,6.94E-09,1.01E-04,1.04E-04,2.90E-18,4.39E-18
5,6.5,1.31E-06,37.10106657,1.9813,8.05E-07,7.2608026,6.1009,28.2,1.66E-06,0.0243,90.999991,7.51E-09,1.01E-04,1.04E-04,2.90E-18,4.41E-18
5,7,1.35E-06,37.10106616,1.9813,8.66E-07,7.2608026,6.1009,28.2,1.71E-06,0.0243,90.99999,8.08E-09,1.01E-04,1.05E-04,2.90E-18,4.42E-18
5,7.5,1.39E-06,37.10106576,1.9813,9.27E-07,7.2608025,6.1009,28.2,1.76E-06,0.0243,90.999989,8.65E-09,1.01E-04,1.05E-04,2.90E-18,4.44E-18
5,8,1.43E-06,37.10106535,1.9813,9.89E-07,7.2608024,6.1009,28.2,1.81E-06,0.0243,90.999988,9.22E-09,1.01E-04,1.05E-04,2.91E-18,4.45E-18
5,8.5,1.47E-06,37.10106494,1.9813,1.05E-06,7.2608024,6.1009,28.2,1.86E-06,0.0243,90.999987,9.80E-09,1.01E-04,1.06E-04,2.91E-18,4.47E-18
5,9,1.51E-06,37.10106453,1.9813,1.11E-06,7.2608023,6.1009,28.2,1.91E-06,0.0243,90.999986,1.04E-08,1.01E-04,1.06E-04,2.91E-18,4.48E-18
5,9.5,1.55E-06,37.10106412,1.9813,1.18E-06,7.2608023,6.1009,28.2,1.96E-06,0.0243,90.999985,1.10E-08,1.01E-04,1.07E-04,2.91E-18,4.50E-18
5,10,1.59E-06,37.10106371,1.9813,1.24E-06,7.2608022,6.1009,28.2,2.02E-06,0.0243,90.999984,1.15E-08,1.01E-04,1.07E-04,2.91E-18,4.51E-18
5,10.5,1.63E-06,37.1010633,1.9813,1.30E-06,7.2608021,6.1009,28.2,2.07E-06,0.0243,90.999983,1.21E-08,1.01E-04,1.07E-04,2.91E-18,4.53E-18
5,11,1.67E-06,37.10106289,1.9813,1.36E-06,7.2608021,6.1009,28.2,2.12E-06,0.0243,90.999982,1.27E-08,1.01E-04,1.08E-04,2.92E-18,4.54E-18
5,11.5,1.71E-06,37.10106247,1.9813,1.43E-06,7.260802,6.1009,28.2,2.17E-06,0.0243,90.999981,1.33E-08,1.01E-04,1.08E-04,2.92E-18,4.56E-18
5,12,1.75E-06,37.10106206,1.9813,1.49E-06,7.2608019,6.1009,28.2,2.22E-06,0.0243,90.99998,1.39E-08,1.01E-04,1.08E-04,2.92E-18,4.57E-18
5,12.5,1.80E-06,37.10106164,1.9813,1.55E-06,7.2608019,6.1009,28.2,2.27E-06,0.0243,90.999979,1.45E-08,1.01E-04,1.09E-04,2.92E-18,4.59E-18
5,13,1.84E-06,37.10106123,1.9813,1.62E-06,7.2608018,6.1009,28.2,2.32E-06,0.0243,90.999978,1.51E-08,1.01E-04,1.09E-04,2.92E-18,4.60E-18
5,13.5,1.88E-06,37.10106081,1.9813,1.68E-06,7.2608018,6.1009,28.2,2.37E-06,0.0243,90.999977,1.57E-08,1.02E-04,1.09E-04,2.92E-18,4.62E-18
5,14,1.92E-06,37.10106039,1.9813,1.74E-06,7.2608017,6.1009,28.2,2.42E-06,0.0243,90.999976,1.63E-08,1.02E-04,1.10E-04,2.93E-18,4.63E-18
5,14.5,1.96E-06,37.10105997,1.9813,1.81E-06,7.2608016,6.1009,28.2,2.48E-06,0.0243,90.999975,1.69E-08,1.02E-04,1.10E-04,2.93E-18,4.65E-18
5,15,2.00E-06,37.10105955,1.9813,1.87E-06,7.2608016,6.1009,28.2,2.53E-06,0.0243,90.999974,1.75E-08,1.02E-04,1.11E-04,2.93E-18,4.66E-18
5,15.5,2.04E-06,37.10105913,1.9813,1.94E-06,7.2608015,6.1009,28.2,2.58E-06,0.0243,90.999973,1.81E-08,1.02E-04,1.11E-04,2.93E-18,4.68E-18
5,16,2.08E-06,37.10105871,1.9813,2.00E-06,7.2608014,6.1009,28.2,2.63E-06,0.0243,90.999972,1.87E-08,1.02E-04,1.11E-04,2.93E-18,4.69E-18
5,16.5,2.12E-06,37.10105828,1.9813,2.07E-06,7.2608014,6.1009,28.2,2.68E-06,0.0243,90.999971,1.93E-08,1.02E-04,1.12E-04,2.93E-18,4.71E-18
5,17,2.16E-06,37.10105786,1.9813,2.13E-06,7.2608013,6.1009,28.2,2.73E-06,0.0243,90.999969,1.99E-08,1.02E-04,1.12E-04,2.94E-18,4.73E-18
5,17.5,2.20E-06,37.10105743,1.9813,2.20E-06,7.2608012,6.1009,28.2,2.78E-06,0.0243,90.999968,2.05E-08,1.02E-04,1.12E-04,2.94E-18,4.74E-18
5,18,2.24E-06,37.10105701,1.9813,2.26E-06,7.2608012,6.1009,28.2,2.84E-06,0.0243,90.999967,2.11E-08,1.02E-04,1.13E-04,2.94E-18,4.76E-18
5,18.5,2.28E-06,37.10105658,1.9813,2.33E-06,7.2608011,6.1009,28.2,2.89E-06,0.0243,90.999966,2.17E-08,1.02E-04,1.13E-04,2.94E-18,4.77E-18
5,19,2.32E-06,37.10105615,1.9813,2.40E-06,7.260801,6.1009,28.2,2.94E-06,0.0243,90.999965,2.24E-08,1.02E-04,1.14E-04,2.94E-18,4.79E-18
5,19.5,2.36E-06,37.10105572,1.9813,2.46E-06,7.260801,6.1009,28.2,2.99E-06,0.0243,90.999964,2.30E-08,1.02E-04,1.14E-04,2.94E-18,4.81E-18
5,20,2.40E-06,37.10105529,1.9813,2.53E-06,7.2608009,6.1009,28.2,3.04E-06,0.0243,90.999963,2.36E-08,1.02E-04,1.14E-04,2.95E-18,4.82E-18
5,20.5,2.45E-06,37.10105486,1.9813,2.60E-06,7.2608008,6.1009,28.2,3.09E-06,0.0243,90.999962,2.42E-08,1.02E-04,1.15E-04,2.95E-18,4.84E-18
5,21,2.49E-06,37.10105443,1.9813,2.66E-06,7.2608008,6.1009,28.2,3.14E-06,0.0243,90.999961,2.48E-08,1.02E-04,1.15E-04,2.95E-18,4.85E-18
5,21.5,2.53E-06,37.101054,1.9813,2.73E-06,7.2608007,6.1009,28.2,3.20E-06,0.0243,90.99996,2.55E-08,1.02E-04,1.15E-04,2.95E-18,4.87E-18
5,22,2.57E-06,37.10105356,1.9813,2.80E-06,7.2608006,6.1009,28.2,3.25E-06,0.0243,90.999959,2.61E-08,1.03E-04,1.16E-04,2.95E-18,4.89E-18
5,22.5,2.61E-06,37.10105313,1.9813,2.87E-06,7.2608006,6.1009,28.2,3.30E-06,0.0243,90.999958,2.67E-08,1.03E-04,1.16E-04,2.95E-18,4.90E-18
5,23,2.65E-06,37.10105269,1.9813,2.94E-06,7.2608005,6.1009,28.2,3.35E-06,0.0243,90.999957,2.74E-08,1.03E-04,1.17E-04,2.96E-18,4.92E-18
5,23.5,2.69E-06,37.10105226,1.9813,3.00E-06,7.2608004,6.1009,28.2,3.40E-06,0.0243,90.999956,2.80E-08,1.03E-04,1.17E-04,2.96E-18,4.94E-18
5,24,2.73E-06,37.10105182,1.9813,3.07E-06,7.2608004,6.1009,28.2,3.46E-06,0.0243,90.999955,2.86E-08,1.03E-04,1.17E-04,2.96E-18,4.95E-18
5,24.5,2.77E-06,37.10105138,1.9813,3.14E-06,7.2608003,6.1009,28.2,3.51E-06,0.0243,90.999954,2.93E-08,1.03E-04,1.18E-04,2.96E-18,4.97E-18
5,25,2.81E-06,37.10105094,1.9813,3.21E-06,7.2608002,6.1009,28.2,3.56E-06,0.0243,90.999952,2.99E-08,1.03E-04,1.18E-04,2.96E-18,4.98E-18
5,25.5,2.86E-06,37.1010505,1.9813,3.28E-06,7.2608002,6.1009,28.2,3.61E-06,0.0243,90.999951,3.06E-08,1.03E-04,1.19E-04,2.96E-18,5.00E-18
5,26,2.90E-06,37.10105006,1.9813,3.35E-06,7.2608001,6.1009,28.2,3.66E-06,0.0243,90.99995,3.12E-08,1.03E-04,1.19E-04,2.97E-18,5.02E-18
5,26.5,2.94E-06,37.10104961,1.9813,3.42E-06,7.2608,6.1009,28.2,3.72E-06,0.0243,90.999949,3.19E-08,1.03E-04,1.19E-04,2.97E-18,5.03E-18
5,27,2.98E-06,37.10104917,1.9813,3.49E-06,7.2607999,6.1009,28.2,3.77E-06,0.0243,90.999948,3.25E-08,1.03E-04,1.20E-04,2.97E-18,5.05E-18
5,27.5,3.02E-06,37.10104872,1.9813,3.56E-06,7.2607999,6.1009,28.2,3.82E-06,0.0243,90.999947,3.32E-08,1.03E-04,1.20E-04,2.97E-18,5.07E-18
5,28,3.06E-06,37.10104828,1.9813,3.63E-06,7.2607998,6.1009,28.2,3.87E-06,0.0243,90.999946,3.38E-08,1.03E-04,1.21E-04,2.97E-18,5.09E-18
5,28.5,3.10E-06,37.10104783,1.9813,3.70E-06,7.2607997,6.1009,28.2,3.92E-06,0.0243,90.999945,3.45E-08,1.03E-04,1.21E-04,2.97E-18,5.10E-18
5,29,3.14E-06,37.10104738,1.9813,3.77E-06,7.2607997,6.1009,28.2,3.98E-06,0.0243,90.999944,3.52E-08,1.03E-04,1.21E-04,2.98E-18,5.12E-18
5,29.5,3.18E-06,37.10104693,1.9813,3.84E-06,7.2607996,6.1009,28.2,4.03E-06,0.0243,90.999943,3.58E-08,1.03E-04,1.22E-04,2.98E-18,5.14E-18
5,30,3.23E-06,37.10104648,1.9813,3.91E-06,7.2607995,6.1009,28.2,4.08E-06,0.0243,90.999942,3.65E-08,1.03E-04,1.22E-04,2.98E-18,5.15E-18
5,30.5,3.27E-06,37.10104603,1.9813,3.98E-06,7.2607995,6.1009,28.2,4.13E-06,0.0243,90.99994,3.72E-08,1.04E-04,1.23E-04,2.98E-18,5.17E-18
5,31,3.31E-06,37.10104558,1.9813,4.06E-06,7.2607994,6.1009,28.2,4.18E-06,0.0243,90.999939,3.78E-08,1.04E-04,1.23E-04,2.98E-18,5.19E-18
5,31.5,3.35E-06,37.10104513,1.9813,4.13E-06,7.2607993,6.1009,28.2,4.24E-06,0.0243,90.999938,3.85E-08,1.04E-04,1.23E-04,2.98E-18,5.21E-18
5,32,3.39E-06,37.10104467,1.9813,4.20E-06,7.2607992,6.1009,28.2,4.29E-06,0.0243,90.999937,3.92E-08,1.04E-04,1.24E-04,2.99E-18,5.22E-18
5,32.5,3.43E-06,37.10104422,1.9813,4.27E-06,7.2607992,6.1009,28.2,4.34E-06,0.0243,90.999936,3.98E-08,1.04E-04,1.24E-04,2.99E-18,5.24E-18
5,33,3.47E-06,37.10104376,1.9813,4.35E-06,7.2607991,6.1009,28.2,4.39E-06,0.0243,90.999935,4.05E-08,1.04E-04,1.25E-04,2.99E-18,5.26E-18
5,33.5,3.52E-06,37.1010433,1.9813,4.42E-06,7.260799,6.1009,28.2,4.45E-06,0.0243,90.999934,4.12E-08,1.04E-04,1.25E-04,2.99E-18,5.28E-18
5,34,3.56E-06,37.10104284,1.9813,4.49E-06,7.2607989,6.1009,28.2,4.50E-06,0.0243,90.999933,4.19E-08,1.04E-04,1.25E-04,2.99E-18,5.29E-18
5,34.5,3.60E-06,37.10104238,1.9813,4.56E-06,7.2607989,6.1009,28.2,4.55E-06,0.0243,90.999931,4.26E-08,1.04E-04,1.26E-04,2.99E-18,5.31E-18
5,35,3.64E-06,37.10104192,1.9813,4.64E-06,7.2607988,6.1009,28.2,4.60E-06,0.0243,90.99993,4.33E-08,1.04E-04,1.26E-04,3.00E-18,5.33E-18
5,35.5,3.68E-06,37.10104146,1.9813,4.71E-06,7.2607987,6.1009,28.2,4.66E-06,0.0243,90.999929,4.39E-08,1.04E-04,1.27E-04,3.00E-18,5.35E-18
5,36,3.72E-06,37.101041,1.9813,4.79E-06,7.2607986,6.1009,28.2,4.71E-06,0.0243,90.999928,4.46E-08,1.04E-04,1.27E-04,3.00E-18,5.36E-18
5,36.5,3.76E-06,37.10104053,1.9813,4.86E-06,7.2607986,6.1009,28.2,4.76E-06,0.0243,90.999927,4.53E-08,1.04E-04,1.28E-04,3.00E-18,5.38E-18
5,37,3.81E-06,37.10104007,1.9813,4.94E-06,7.2607985,6.1009,28.2,4.81E-06,0.0243,90.999926,4.60E-08,1.04E-04,1.28E-04,3.00E-18,5.40E-18
5,37.5,3.85E-06,37.1010396,1.9813,5.01E-06,7.2607984,6.1009,28.2,4.87E-06,0.0243,90.999925,4.67E-08,1.04E-04,1.28E-04,3.01E-18,5.42E-18
5,38,3.89E-06,37.10103913,1.9813,5.09E-06,7.2607984,6.1009,28.2,4.92E-06,0.0243,90.999923,4.74E-08,1.04E-04,1.29E-04,3.01E-18,5.44E-18
5,38.5,3.93E-06,37.10103866,1.9813,5.16E-06,7.2607983,6.1009,28.2,4.97E-06,0.0243,90.999922,4.81E-08,1.04E-04,1.29E-04,3.01E-18,5.45E-18
5,39,3.97E-06,37.10103819,1.9813,5.24E-06,7.2607982,6.1009,28.2,5.02E-06,0.0243,90.999921,4.88E-08,1.05E-04,1.30E-04,3.01E-18,5.47E-18
5,39.5,4.01E-06,37.10103772,1.9813,5.31E-06,7.2607981,6.1009,28.2,5.08E-06,0.0243,90.99992,4.96E-08,1.05E-04,1.30E-04,3.01E-18,5.49E-18
5,40,4.06E-06,37.10103725,1.9813,5.39E-06,7.260798,6.1009,28.2,5.13E-06,0.0243,90.999919,5.03E-08,1.05E-04,1.31E-04,3.01E-18,5.51E-18
5,40.5,4.10E-06,37.10103678,1.9813,5.47E-06,7.260798,6.1009,28.2,5.18E-06,0.0243,90.999918,5.10E-08,1.05E-04,1.31E-04,3.02E-18,5.53E-18
5,41,4.14E-06,37.10103631,1.9813,5.54E-06,7.2607979,6.1009,28.2,5.24E-06,0.0243,90.999917,5.17E-08,1.05E-04,1.31E-04,3.02E-18,5.55E-18
5,41.5,4.18E-06,37.10103583,1.9813,5.62E-06,7.2607978,6.1009,28.2,5.29E-06,0.0243,90.999915,5.24E-08,1.05E-04,1.32E-04,3.02E-18,5.56E-18
5,42,4.22E-06,37.10103535,1.9813,5.70E-06,7.2607977,6.1009,28.2,5.34E-06,0.0243,90.999914,5.31E-08,1.05E-04,1.32E-04,3.02E-18,5.58E-18
5,42.5,4.27E-06,37.10103488,1.9813,5.77E-06,7.2607977,6.1009,28.2,5.39E-06,0.0243,90.999913,5.39E-08,1.05E-04,1.33E-04,3.02E-18,5.60E-18
5,43,4.31E-06,37.1010344,1.9813,5.85E-06,7.2607976,6.1009,28.2,5.45E-06,0.0243,90.999912,5.46E-08,1.05E-04,1.33E-04,3.02E-18,5.62E-18
5,43.5,4.35E-06,37.10103392,1.9813,5.93E-06,7.2607975,6.1009,28.2,5.50E-06,0.0243,90.999911,5.53E-08,1.05E-04,1.34E-04,3.03E-18,5.64E-18
5,44,4.39E-06,37.10103344,1.9813,6.01E-06,7.2607974,6.1009,28.2,5.55E-06,0.0243,90.999909,5.60E-08,1.05E-04,1.34E-04,3.03E-18,5.66E-18
5,44.5,4.43E-06,37.10103296,1.9813,6.09E-06,7.2607973,6.1009,28.2,5.61E-06,0.0243,90.999908,5.68E-08,1.05E-04,1.35E-04,3.03E-18,5.68E-18
5,45,4.47E-06,37.10103247,1.9813,6.17E-06,7.2607973,6.1009,28.2,5.66E-06,0.0243,90.999907,5.75E-08,1.05E-04,1.35E-04,3.03E-18,5.70E-18
5,45.5,4.52E-06,37.10103199,1.9813,6.24E-06,7.2607972,6.1009,28.2,5.71E-06,0.0243,90.999906,5.82E-08,1.05E-04,1.35E-04,3.03E-18,5.71E-18
5,46,4.56E-06,37.1010315,1.9813,6.32E-06,7.2607971,6.1009,28.2,5.77E-06,0.0243,90.999905,5.90E-08,1.05E-04,1.36E-04,3.03E-18,5.73E-18
5,46.5,4.60E-06,37.10103102,1.9813,6.40E-06,7.260797,6.1009,28.2,5.82E-06,0.0243,90.999904,5.97E-08,1.05E-04,1.36E-04,3.04E-18,5.75E-18
5,47,4.64E-06,37.10103053,1.9813,6.48E-06,7.260797,6.1009,28.2,5.87E-06,0.0243,90.999902,6.05E-08,1.05E-04,1.37E-04,3.04E-18,5.77E-18
5,47.5,4.68E-06,37.10103004,1.9813,6.56E-06,7.2607969,6.1009,28.2,5.93E-06,0.0243,90.999901,6.12E-08,1.06E-04,1.37E-04,3.04E-18,5.79E-18
5,48,4.73E-06,37.10102955,1.9813,6.64E-06,7.2607968,6.1009,28.2,5.98E-06,0.0243,90.9999,6.20E-08,1.06E-04,1.38E-04,3.04E-18,5.81E-18
5,48.5,4.77E-06,37.10102906,1.9813,6.72E-06,7.2607967,6.1009,28.2,6.03E-06,0.0243,90.999899,6.27E-08,1.06E-04,1.38E-04,3.04E-18,5.83E-18
5,49,4.81E-06,37.10102857,1.9813,6.81E-06,7.2607966,6.1009,28.2,6.09E-06,0.0243,90.999898,6.35E-08,1.06E-04,1.39E-04,3.04E-18,5.85E-18
5,49.5,4.85E-06,37.10102807,1.9813,6.89E-06,7.2607965,6.1009,28.2,6.14E-06,0.0243,90.999896,6.42E-08,1.06E-04,1.39E-04,3.05E-18,5.87E-18
5,50,4.90E-06,37.10102758,1.9813,6.97E-06,7.2607965,6.1009,28.2,6.19E-06,0.0243,90.999895,6.50E-08,1.06E-04,1.40E-04,3.05E-18,5.89E-18
